"noc_plan_desc","distance_from_node_ft","network_node","network_node_latitude","network_node_longitude","first_cost","hh_count","cost_hh","address_id","win_lat","win_lon","upstream_nodes","feeder_fiber_footage","gpon_dist_cost","geo_prec","win_census_block","caf_cb_type","caf1r2_funding_type","addr_link_type","primary_number","pre_directional","street","street_suffix","post_directional","unit_designator","secondary_number","city","state","zip","zip4","data_source","win_exchange_id","hh_svc_key","package","miror_status","drs_wc","miror_wire_center","drs_exchange","qualified_desc","awg","ft_to_bb","term_number","route_lead","miror_theoretical_loop_length","terminal_number","route_number","terminal_id","switch_center_clli","gcomms_awg","gcomms_ft_to_bb","fid","csa","csa_status","co_csa"
"LXTNSC GPON SEFH 2026_MR","0","6BA8","0","0","0","0","0","0","0","A8000000000000017188966","0","0","","LXTNSCP0038","","","","0","000005","966","","{B55C44CA-AA1B-4464-8A4A-C89908FC2D90}","1","63","212 WILD SPRING CT","LEXINGTON","7154","","QUAL UP TO 100 MB RANGE","0","SC000LXTN","LXTNSCP0038","SC050LXTN","NOT USED","","","000005","7154","SC050LXTN","p60","1106.85","1106.85","LXTN1513000212","","","1","LXTNSCP0038","","6BA8","","","SC","450630210461019"
"LXTNSC GPON SEFH 2026_MR","0","6BA8","0","0","0","0","0","0","0","A8000000000000026675950","0","0","","LXTNSCP0038","","","","0","000005","1354","","{2FB96A0E-1C52-4C3A-9A60-A2AC313223BB}","1","254","137 FRESH SPRING WAY","LEXINGTON","7155","","QUAL UP TO 100 MB RANGE","0","SC000LXTN","LXTNSCP0038","SC050LXTN","NOT USED","","","000005","7155","SC050LXTN","p60","1219.88","1219.88","LXTN1514000137","","","1","LXTNSCP0038","","6BA8","","","SC","450630210461019"
"LXTNSC GPON SEFH 2026_MR","0","6BA8","0","0","0","0","0","0","0","A8000000000000021985180","0","0","","LXTNSCP0038","","","","0","000004","597","","{BA04C654-CF6B-40A7-9852-D9D985D400C8}","1","377","121 WILD SPRING RD","LEXINGTON","7153","","QUAL UP TO 100 MB RANGE","0","SC000LXTN","LXTNSCP0038","SC050LXTN","NOT USED","","","000004","7153","SC050LXTN","p60","853.96","853.96","LXTN1422000121","","","1","LXTNSCP0038","","6BA8","","","SC","450630210461020"
"LXTNSC GPON SEFH 2026_MR","0","6BA8","0","0","0","0","0","0","0","A8000000000000017566665","0","0","","LXTNSCU0706","","","","0","000004","1650","","{2C28A835-915C-447E-BCE6-C465192D95E9}","1","380","208 BEAUCLAIRE DR","LEXINGTON","7127","","QUAL UP TO 50 MB RANGE","0","SC000LXTN","LXTNSCU0706","SC050LXTN","NOT USED","","","000004","7127","SC050LXTN","p60","1778.62","1778.62","LXTN2766000208","","","1","LXTNSCU0706","","6BA8","","","SC","450630210461018"
"LXTNSC GPON SEFH 2026_MR","0","6BA8","0","0","0","0","0","0","0","A8000000000000011508491","0","0","","LXTNSCU0706","","","","0","000002","196","","{53582D65-9F11-4700-8EAA-30A5F69080B2}","1","466","326 WISE FERRY RD","LEXINGTON","7111","","QUAL UP TO 100 MB RANGE","0","SC000LXTN","LXTNSCU0706","SC050LXTN","NOT USED","","","000002","7111","SC050LXTN","p60","504.8","504.8","LXTN0103000326","","","1","LXTNSCU0706","","6BA8","","","SC","450630210481012"
"LXTNSC GPON SEFH 2026_MR","0","6BA8","0","0","0","0","0","0","0","A8000000000000000509935","0","0","","LXTNSCP0038","","","","0","000003","1434","","{827D7B14-A25B-4CAD-8043-BADDFB2CEDC2}","1","485","271 CAROLINE HILL RD","LEXINGTON","7156","","QUAL UP TO 100 MB RANGE","0","SC000LXTN","LXTNSCP0038","SC050LXTN","NOT USED","","","000003","7156","SC050LXTN","p60","1456.95","1456.95","LXTN1130000271","","","1","LXTNSCP0038","","6BA8","","","SC","450630210461019"
"LXTNSC GPON SEFH 2026_MR","0","6BA8","0","0","0","0","0","0","0","A8000000000000012242261","0","0","","LXTNSCP0038","","","","0","000006","1354","","{EF7C9169-DD3F-42EA-821A-93035362024F}","1","519","145 FRESH SPRING WAY","LEXINGTON","7155","","QUAL UP TO 100 MB RANGE","0","SC000LXTN","LXTNSCP0038","SC050LXTN","NOT USED","","","000006","7155","SC050LXTN","p60","1344.45","1344.45","LXTN1514000145","","","1","LXTNSCP0038","","6BA8","","","SC","450630210461019"
"LXTNSC GPON SEFH 2026_MR","0","6BA8","0","0","0","0","0","0","0","A8000000000000013579682","0","0","","LXTNSCP0038","","","","0","000023","1121","","{9C34727E-0481-45E4-A409-FCA31D0E5381}","1","551","300 CAROLINE HILL RD","LEXINGTON","7153","","QUAL UP TO 50 MB RANGE","0","SC000LXTN","LXTNSCP0038","SC050LXTN","NOT USED","","","000023","7153","SC050LXTN","p60","2529.38","2529.38","LXTN1130000300","","","1","LXTNSCP0038","","6BA8","","","SC","450630210461018"
"LXTNSC GPON SEFH 2026_MR","0","6BA8","0","0","0","0","0","0","0","A8000000000000022998468","0","0","","LXTNSCP0038","","","","0","000012","1425","","{10EFA67C-0AE5-4C0C-96D5-4D31D234A783}","1","612","217 CAROLINE HILL RD","LEXINGTON","7155","","QUAL UP TO 100 MB RANGE","0","SC000LXTN","LXTNSCP0038","SC050LXTN","NOT USED","","","000012","7155","SC050LXTN","p60","1843.06","1843.06","LXTN1130000217","","","1","LXTNSCP0038","","6BA8","","","SC","450630210461019"
"LXTNSC GPON SEFH 2026_MR","0","6BA8","0","0","0","0","0","0","0","A8000000000000033216992","0","0","","LXTNSCP0038","","","","0","000015","1425","","{6ACE76EC-0CCF-4F87-BF78-562E2C4EFB97}","1","637","237 CAROLINE HILL RD","LEXINGTON","7155","","QUAL UP TO 50 MB RANGE","0","SC000LXTN","LXTNSCP0038","SC050LXTN","NOT USED","","","000015","7155","SC050LXTN","p60","2296.99","2296.99","LXTN1130000237","","","1","LXTNSCP0038","","6BA8","","","SC","450630210461019"
"LXTNSC GPON SEFH 2026_MR","0","6BA8","0","0","0","0","0","0","0","A8000000000000004297434","0","0","","LXTNSCU0706","","","","0","00009A","2185","","{93C1F821-E097-454D-B796-D3D860E02F52}","1","669","409 SAINT CLAIRE PL","LEXINGTON","7128","","QUAL UP TO 50 MB RANGE","0","SC000LXTN","LXTNSCU0706","SC050LXTN","NOT USED","","","00009A","7128","SC050LXTN","p60","2309.76","2309.76","LXTN2767000409","","","1","LXTNSCU0706","","6BA8","","","SC","450630210461018"
"LXTNSC GPON SEFH 2026_MR","0","6BA8","0","0","0","0","0","0","0","A8000000000000011758737","0","0","","LXTNSCP0038","","","","0","000006","1800","","{2E47C842-5FE0-4792-BE11-0DDF1AA51516}","1","769","241 CAROLINE HILL RD","LEXINGTON","7156","","QUAL UP TO 100 MB RANGE","0","SC000LXTN","LXTNSCP0038","SC050LXTN","NOT USED","","","000006","7156","SC050LXTN","p60","1827.06","1827.06","LXTN1130000241","","","1","LXTNSCP0038","","6BA8","","","SC","450630210461019"
"LXTNSC GPON SEFH 2026_MR","0","6BA8","0","0","0","0","0","0","0","A8000000000000003074834","0","0","","LXTNSCP0038","","","","0","000009","1031","","{B5093949-E8FF-4B01-BB34-D8194180369D}","1","947","305 CAROLINE HILL RD","LEXINGTON","7153","","QUAL UP TO 100 MB RANGE","0","SC000LXTN","LXTNSCP0038","SC050LXTN","NOT USED","","","000009","7153","SC050LXTN","p60","1318.25","1318.25","LXTN1130000305","","","1","LXTNSCP0038","","6BA8","","","SC","450630210461020"
"LXTNSC GPON SEFH 2026_MR","0","6BA8","0","0","0","0","0","0","0","A8000000000000000240745","0","0","","LXTNSCU0706","","","","0","000017","2070","","{2D8BA6EE-B8F7-4CE9-9DDB-29D0DC3689AB}","1","1005","324 BEAUMONT DR","LEXINGTON","7127","","QUAL UP TO 50 MB RANGE","0","SC000LXTN","LXTNSCU0706","SC050LXTN","NOT USED","","","000017","7127","SC050LXTN","p60","2176.7","2176.7","LXTN2765000324","","","1","LXTNSCU0706","","6BA8","","","SC","450630210461018"
"LXTNSC GPON SEFH 2026_MR","0","6BA8","0","0","0","0","0","0","0","A8000000000000011578570","0","0","","LXTNSCU0700","","","","0","000002"," ","","{B543B7FD-BBB9-41A0-8AB4-26C8D3DFA6E6}","0.921","1142","101 CAROLINE SPRINGS RD","LEXINGTON","7151","","NO QUAL","0","SC000LXTN","LXTNSCU0700","SC050LXTN","NOT USED","","","000002","7151","SC050LXTN"," ","14090.86","14090.86"," ","","","0.921","LXTNSCU0700","","6BA8","","","SC","450630210461021"
"LXTNSC GPON SEFH 2026_MR","0","6BA8","0","0","0","0","0","0","0","A8000000000000009205998","0","0","","LXTNSCP0038","","","","0","000003","670","","{FAEB7DCF-79A2-472D-B7B1-BFDDE7B39666}","1","1158","121 FRESH SPRING WAY","LEXINGTON","7155","","QUAL UP TO 100 MB RANGE","0","SC000LXTN","LXTNSCP0038","SC050LXTN","NOT USED","","","000003","7155","SC050LXTN","p60","1065.76","1065.76","LXTN1514000121","","","1","LXTNSCP0038","","6BA8","","","SC","450630210461019"
"LXTNSC GPON SEFH 2026_MR","0","6BA8","0","0","0","0","0","0","0","A8000000000000008943046","0","0","","LXTNSCU0706","","","","0","00004A","1715","","{3718CF67-C002-4DEC-AC69-2AE46DEF812D}","1","1237","216 BEAUCLAIRE DR","LEXINGTON","7128","","QUAL UP TO 50 MB RANGE","0","SC000LXTN","LXTNSCU0706","SC050LXTN","NOT USED","","","00004A","7128","SC050LXTN","p60","1868.82","1868.82","LXTN2766000216","","","1","LXTNSCU0706","","6BA8","","","SC","450630210461018"
"LXTNSC GPON SEFH 2026_MR","0","6BA8","0","0","0","0","0","0","0","A8000000000000018593773","0","0","","LXTNSCP0038","","","","0","000005"," ","","{E9CC8806-4E8D-4538-B5DC-6E5CB62B0640}","1","1264","133 WILD SPRING RD","LEXINGTON","7153","","QUAL UP TO 100 MB RANGE","0","SC000LXTN","LXTNSCP0038","SC050LXTN","NOT USED","","","000005","7153","SC050LXTN"," ","979.2","979.2"," ","","","1","LXTNSCP0038","","6BA8","","","SC","450630210461020"
"LXTNSC GPON SEFH 2026_MR","0","6BA8","0","0","0","0","0","0","0","A8000000000000013672347","0","0","","LXTNSCP0038","","","","0","00006B","1182","","{CE0F788B-CB07-4247-9351-D397F8515F35}","1","1343","146 FRESH SPRING WAY","LEXINGTON","7155","","QUAL UP TO 100 MB RANGE","0","SC000LXTN","LXTNSCP0038","SC050LXTN","NOT USED","","","00006B","7155","SC050LXTN","p60","1582.35","1582.35","LXTN1514000146","","","1","LXTNSCP0038","","6BA8","","","SC","450630210461018"
"LXTNSC GPON SEFH 2026_MR","0","6BA8","0","0","0","0","0","0","0","A8000000000000036445672","0","0","","LXTNSCP0038","","","","0","000005","1469","","{296BCD01-7EC2-4DF3-A743-0C25B219C13C}","1","1371","249 CAROLINE HILL RD","LEXINGTON","7156","","QUAL UP TO 100 MB RANGE","0","SC000LXTN","LXTNSCP0038","SC050LXTN","NOT USED","","","000005","7156","SC050LXTN","p60","1700.68","1700.68","LXTN1130000249","","","1","LXTNSCP0038","","6BA8","","","SC","450630210461019"
"LXTNSC GPON SEFH 2026_MR","0","6BA8","0","0","0","0","0","0","0","A8000000000000013071183","0","0","","LXTNSCP0038","","","","0","000018","1800","","{A343F0FE-E44A-4083-B7A9-A3173C98A556}","1","1376","344 CAROLINE HILL RD","LEXINGTON","7153","","QUAL UP TO 100 MB RANGE","0","SC000LXTN","LXTNSCP0038","SC050LXTN","NOT USED","","","000018","7153","SC050LXTN","p60","1908.66","1908.66","LXTN1130000344","","","1","LXTNSCP0038","","6BA8","","","SC","450630210461018"
"LXTNSC GPON SEFH 2026_MR","0","6BA8","0","0","0","0","0","0","0","A8000000000000010557295","0","0","","LXTNSCP0038","","","","0","000003","954","","{FAEB7DCF-79A2-472D-B7B1-BFDDE7B39666}","1","1418","129 FRESH SPRING WAY","LEXINGTON","7155","","QUAL UP TO 100 MB RANGE","0","SC000LXTN","LXTNSCP0038","SC050LXTN","NOT USED","","","000003","7155","SC050LXTN","p60","1086.02","1086.02","LXTN1514000129","","","1","LXTNSCP0038","","6BA8","","","SC","450630210461019"
"LXTNSC GPON SEFH 2026_MR","0","6BA8","0","0","0","0","0","0","0","A8000000000000004603359","0","0","","LXTNSCU0706","","","","0","000021","2761","","{1584CA28-406A-43F8-BBF3-A5138A51CD18}","1","1482","334 BEAUMONT DR","LEXINGTON","7127","","QUAL UP TO 50 MB RANGE","0","SC000LXTN","LXTNSCU0706","SC050LXTN","NOT USED","","","000021","7127","SC050LXTN","p60","2582.17","2582.17","LXTN2765000334","","","1","LXTNSCU0706","","6BA8","","","SC","450630210461018"
"LXTNSC GPON SEFH 2026_MR","0","6BA8","0","0","0","0","0","0","0","A8000000000000023817566","0","0","","LXTNSCU0706","","","","0","000056"," ","","{3352824B-69E5-4F12-8263-6EB99F27AEB6}","1","1504","536 HIGHWAY 378","LEXINGTON","7105","","QUAL UP TO 100 MB RANGE","0","SC000LXTN","LXTNSCU0706","SC050LXTN","NOT USED","","","000056","7105","SC050LXTN"," ","1238.1","1238.1"," ","","","1","LXTNSCU0706","","6BA8","","","SC","450630210481012"
"LXTNSC GPON SEFH 2026_MR","0","6BA8","0","0","0","0","0","0","0","A8000000000000019832713","0","0","","LXTNSCP0038","","","","0","000004","1434","","{76773A36-AE47-4CCA-A5FE-81D8983FCA62}","1","1509","263 CAROLINE HILL RD","LEXINGTON","7156","","QUAL UP TO 100 MB RANGE","0","SC000LXTN","LXTNSCP0038","SC050LXTN","NOT USED","","","000004","7156","SC050LXTN","p60","1535.41","1535.41","LXTN1130000263","","","1","LXTNSCP0038","","6BA8","","","SC","450630210461019"
"LXTNSC GPON SEFH 2026_MR","0","6BA8","0","0","0","0","0","0","0","A8000000000000035543702","0","0","","LXTNSCP0038","","","","0","000003","511","","{FAEB7DCF-79A2-472D-B7B1-BFDDE7B39666}","1","1541","125 FRESH SPRING WAY","LEXINGTON","7155","","QUAL UP TO 100 MB RANGE","0","SC000LXTN","LXTNSCP0038","SC050LXTN","NOT USED","","","000003","7155","SC050LXTN","p60","1023.37","1023.37","LXTN1514000125","","","1","LXTNSCP0038","","6BA8","","","SC","450630210461019"
"LXTNSC GPON SEFH 2026_MR","0","6BA8","0","0","0","0","0","0","0","A8000000000000016539925","0","0","","LXTNSCP0038","","","","0","000011","1749","","{569DF7CE-A446-4DB7-AED2-D3ADCD9C3690}","1","1679","213 CAROLINE HILL RD","LEXINGTON","7155","","QUAL UP TO 100 MB RANGE","0","SC000LXTN","LXTNSCP0038","SC050LXTN","NOT USED","","","000011","7155","SC050LXTN","p60","1770.02","1770.02","LXTN1130000213","","","1","LXTNSCP0038","","6BA8","","","SC","450630210461019"
"LXTNSC GPON SEFH 2026_MR","0","6BA8","0","0","0","0","0","0","0","A8000000000000012578513","0","0","","LXTNSCU0706","","","","0","000054"," ","","{7C62C6CF-1EB7-4490-A5DA-2235EEF60E1F}","1","1851","555 HIGHWAY 378","LEXINGTON","7105","","QUAL UP TO 100 MB RANGE","0","SC000LXTN","LXTNSCU0706","SC050LXTN","NOT USED","","","000054","7105","SC050LXTN"," ","555.68","555.68"," ","","","1","LXTNSCU0706","","6BA8","","","SC","450630210282034"
"LXTNSC GPON SEFH 2026_MR","0","6BA8","0","0","0","0","0","0","0","A8000000000000027260886","0","0","","LXTNSCP0038","","","","0","00006C","1218","","{25508BF8-BB5C-438D-87EF-EEC070F236E3}","1","2115","150 FRESH SPRING WAY","LEXINGTON","7155","","QUAL UP TO 100 MB RANGE","0","SC000LXTN","LXTNSCP0038","SC050LXTN","NOT USED","","","00006C","7155","SC050LXTN","p60","1755.28","1755.28","LXTN1514000150","","","1","LXTNSCP0038","","6BA8","","","SC","450630210461018"
"LXTNSC GPON SEFH 2026_MR","0","6BA8","0","0","0","0","0","0","0","A8000000000000000296244","0","0","","LXTNSCP0038","","","","0","000002","670","","{84CD7BEE-4737-49C6-B516-C8F0B0384089}","1","2129","104 WILD SPRING RD","LEXINGTON","7154","","QUAL UP TO 100 MB RANGE","0","SC000LXTN","LXTNSCP0038","SC050LXTN","NOT USED","","","000002","7154","SC050LXTN","p60","701.51","701.51","LXTN1422000104","","","1","LXTNSCP0038","","6BA8","","","SC","450630210461019"
"LXTNSC GPON SEFH 2026_MR","0","6BA8","0","0","0","0","0","0","0","A8000000000000013188345","0","0","","LXTNSCP0038","","","","0","000024","2669","","{2DB57826-8792-4063-A8A2-CC1AB85F9B52}","1","2469","276 CAROLINE HILL RD","LEXINGTON","7153","","QUAL UP TO 50 MB RANGE","0","SC000LXTN","LXTNSCP0038","SC050LXTN","NOT USED","","","000024","7153","SC050LXTN","p60","2643.62","2643.62","LXTN1130000276","","","1","LXTNSCP0038","","6BA8","","","SC","450630210461018"
"LXTNSC GPON SEFH 2026_MR","0","6BA8","0","0","0","0","0","0","0","A8000000000000006237196","0","0","","LXTNSCP0038","","","","0","000011","813","","{06BA970A-7FE3-46F4-BDDF-B83778256FD4}","1","2557","223 WILD SPRING CT","LEXINGTON","7154","","QUAL UP TO 100 MB RANGE","0","SC000LXTN","LXTNSCP0038","SC050LXTN","NOT USED","","","000011","7154","SC050LXTN","p60","1507.54","1507.54","LXTN1513000223","","","1","LXTNSCP0038","","6BA8","","","SC","450630210461019"
"LXTNSC GPON SEFH 2026_MR","0","6BA8","0","0","0","0","0","0","0","A8000000000000018852831","0","0","","LXTNSCP0038","","","","0","000020","1138","","{B5BE11A5-5606-4118-B1CA-5890841094FA}","1","2797","332 CAROLINE HILL RD","LEXINGTON","7153","","QUAL UP TO 50 MB RANGE","0","SC000LXTN","LXTNSCP0038","SC050LXTN","NOT USED","","","000020","7153","SC050LXTN","p60","2183.73","2183.73","LXTN1130000332","","","1","LXTNSCP0038","","6BA8","","","SC","450630210461018"
"LXTNSC GPON SEFH 2026_MR","0","6BA8","0","0","0","0","0","0","0","A8000000000000019734012","0","0","","LXTNSCU0706","","","","0","000012","2456","","{12B7F5EC-9B19-417B-AE64-F76D805B42FC}","1","2838","335 BEAUMONT DR","LEXINGTON","7128","","QUAL UP TO 50 MB RANGE","0","SC000LXTN","LXTNSCU0706","SC050LXTN","NOT USED","","","000012","7128","SC050LXTN","p60","2510.44","2510.44","LXTN2765000335","","","1","LXTNSCU0706","","6BA8","","","SC","450630210461018"
"LXTNSC GPON SEFH 2026_MR","0","6BA8","0","0","0","0","0","0","0","A8000000000000008464964","0","0","","LXTNSCU0700","","","","0","000013","7502","","{DC91FBEF-FDC7-4782-BCAB-277F97F6F21F}","0.912","2854","210 CAROLINE SPRINGS RD","LEXINGTON","7151","","NO QUAL","0","SC000LXTN","LXTNSCU0700","SC050LXTN","NOT USED","","","000013","7151","SC050LXTN","p60","12550.46","12550.46","LXTN2507000210","","","0.912","LXTNSCU0700","","6BA8","","","SC","450630210461018"
"LXTNSC GPON SEFH 2026_MR","0","6BA8","0","0","0","0","0","0","0","A8000000000000029576636","0","0","","LXTNSCP0038","","","","0","00006C","1682","","{25508BF8-BB5C-438D-87EF-EEC070F236E3}","1","3082","165 FRESH SPRING WAY","LEXINGTON","7155","","QUAL UP TO 100 MB RANGE","0","SC000LXTN","LXTNSCP0038","SC050LXTN","NOT USED","","","00006C","7155","SC050LXTN","p60","1890.49","1890.49","LXTN1514000165","","","1","LXTNSCP0038","","6BA8","","","SC","450630210461018"
"LXTNSC GPON SEFH 2026_MR","0","6BA8","0","0","0","0","0","0","0","A8000000000000093080964","0","0","","LXTNSCU0706","","","","0","000037"," ","","{DDC6B140-73C3-4C33-AC1D-53CDABEFD1ED}","1","3346","630 HIGHWAY 378","LEXINGTON","7105","","QUAL UP TO 50 MB RANGE","0","SC000LXTN","LXTNSCU0706","SC050LXTN","NOT USED","","","000037","7105","SC050LXTN"," ","2663.53","2663.53"," ","","","1","LXTNSCU0706","","6BA8","","","SC","450630210461021"
"LXTNSC GPON SEFH 2026_MR","0","6BA8","0","0","0","0","0","0","0","A8000000000000010802906","0","0","","LXTNSCP0038","","","","0","000003","670","","{942407D5-E580-4047-AFE9-8976D9DBAE70}","1","3428","113 WILD SPRING RD","LEXINGTON","7153","","QUAL UP TO 100 MB RANGE","0","SC000LXTN","LXTNSCP0038","SC050LXTN","NOT USED","","","000003","7153","SC050LXTN","p60","745.05","745.05","LXTN1422000113","","","1","LXTNSCP0038","","6BA8","","","SC","450630210461020"
"LXTNSC GPON SEFH 2026_MR","0","6BA8","0","0","0","0","0","0","0","A8000000000000030579486","0","0","","LXTNSCP0038","","","","0","000001","1100","","{580E800E-8DF4-41CA-AE1D-ACC3461C03E7}","1","3501","301 MISTY SPRING CT","LEXINGTON","7156","","QUAL UP TO 100 MB RANGE","0","SC000LXTN","LXTNSCP0038","SC050LXTN","NOT USED","","","000001","7156","SC050LXTN","p60","1239.25","1239.25","LXTN1542000301","","","1","LXTNSCP0038","","6BA8","","","SC","450630210461019"
"LXTNSC GPON SEFH 2026_MR","0","6BA8","0","0","0","0","0","0","0","A8000000000000006632523","0","0","","LXTNSCP0038","","","","0","00006A","1290","","{544F4C74-6FC2-4279-888F-D9899D9D89F7}","1","3562","134 FRESH SPRING WAY","LEXINGTON","7155","","QUAL UP TO 100 MB RANGE","0","SC000LXTN","LXTNSCP0038","SC050LXTN","NOT USED","","","00006A","7155","SC050LXTN","p60","1437.79","1437.79","LXTN1514000134","","","1","LXTNSCP0038","","6BA8","","","SC","450630210461018"
"LXTNSC GPON SEFH 2026_MR","0","6BA8","0","0","0","0","0","0","0","A8000000000000012274828","0","0","","LXTNSCP0038","","","","0","000010","760","","{C430358B-5DEC-4923-9467-CD412ACFCF97}","1","3563","231 WILD SPRING CT","LEXINGTON","7154","","QUAL UP TO 100 MB RANGE","0","SC000LXTN","LXTNSCP0038","SC050LXTN","NOT USED","","","000010","7154","SC050LXTN","p60","1424.83","1424.83","LXTN1513000231","","","1","LXTNSCP0038","","6BA8","","","SC","450630210461019"
"LXTNSC GPON SEFH 2026_MR","0","6BA8","0","0","0","0","0","0","0","A8000000000000021050011","0","0","","LXTNSCP0038","","","","0","000006","1008","","{54B157FA-A86E-442A-9E52-E78521EEE754}","1","3814","316 MISTY SPRING CT","LEXINGTON","7157","","QUAL UP TO 100 MB RANGE","0","SC000LXTN","LXTNSCP0038","SC050LXTN","NOT USED","","","000006","7157","SC050LXTN","p60","1805.16","1805.16","LXTN1542000316","","","1","LXTNSCP0038","","6BA8","","","SC","450630210461019"
"LXTNSC GPON SEFH 2026_MR","0","6BA8","0","0","0","0","0","0","0","A8000000000000018195332","0","0","","LXTNSCP0038","","","","0","000019","222","","{0ED43972-28BC-486B-8628-024B4E2F1623}","1","3832","340 CAROLINE HILL RD","LEXINGTON","7153","","QUAL UP TO 50 MB RANGE","0","SC000LXTN","LXTNSCP0038","SC050LXTN","NOT USED","","","000019","7153","SC050LXTN","p60","2045.53","2045.53","LXTN1130000340","","","1","LXTNSCP0038","","6BA8","","","SC","450630210461018"
"LXTNSC GPON SEFH 2026_MR","0","6BA8","0","0","0","0","0","0","0","A8000000000000016281379","0","0","","LXTNSCP0038","","","","0","000013","1425","","{22F7BA43-5D60-4695-896F-E4A70761C0B3}","1","3868","229 CAROLINE HILL RD","LEXINGTON","7155","","QUAL UP TO 50 MB RANGE","0","SC000LXTN","LXTNSCP0038","SC050LXTN","NOT USED","","","000013","7155","SC050LXTN","p60","2015.68","2015.68","LXTN1130000229","","","1","LXTNSCP0038","","6BA8","","","SC","450630210461019"
"LXTNSC GPON SEFH 2026_MR","0","6BA8","0","0","0","0","0","0","0","A8000000000000028790589","0","0","","LXTNSCP0038","","","","0","000005","427","","{E9CC8806-4E8D-4538-B5DC-6E5CB62B0640}","1","4000","137 WILD SPRING RD","LEXINGTON","7153","","QUAL UP TO 100 MB RANGE","0","SC000LXTN","LXTNSCP0038","SC050LXTN","NOT USED","","","000005","7153","SC050LXTN","p60","990.7","990.7","LXTN1422000137","","","1","LXTNSCP0038","","6BA8","","","SC","450630210461020"
"LXTNSC GPON SEFH 2026_MR","0","6BA8","0","0","0","0","0","0","0","A8000000000000029169970","0","0","","LXTNSCP0038","","","","0","0720.5","1327","","{75BB7724-9E9C-499D-B736-257B7C8F3BF9}","1","4079","133 CAROLINE SPRINGS RD","LEXINGTON","7152","","QUAL UP TO 100 MB RANGE","0","SC000LXTN","LXTNSCP0038","SC050LXTN","NOT USED","","","0720.5","7152","SC050LXTN","p60","163","163","LXTN2507000133","","","1","LXTNSCP0038","","6BA8","","","SC","450630210461021"
"LXTNSC GPON SEFH 2026_MR","0","6BA8","0","0","0","0","0","0","0","A8000000000000021945570","0","0","","LXTNSCU0706","","","","0","000002","1054","","{53582D65-9F11-4700-8EAA-30A5F69080B2}","1","4179","532 HIGHWAY 378","LEXINGTON","7111","","QUAL UP TO 100 MB RANGE","0","SC000LXTN","LXTNSCU0706","SC050LXTN","NOT USED","","","000002","7111","SC050LXTN","p60","352.7","352.7","LXTN1124000532","","","1","LXTNSCU0706","","6BA8","","","SC","450630210481012"
"LXTNSC GPON SEFH 2026_MR","0","6BA8","0","0","0","0","0","0","0","A8000000000000007465010","0","0","","LXTNSCP0038","","","","0","000019","466","","{0ED43972-28BC-486B-8628-024B4E2F1623}","1","4217","336 CAROLINE HILL RD","LEXINGTON","7153","","QUAL UP TO 50 MB RANGE","0","SC000LXTN","LXTNSCP0038","SC050LXTN","NOT USED","","","000019","7153","SC050LXTN","p60","2032.4","2032.4","LXTN1130000336","","","1","LXTNSCP0038","","6BA8","","","SC","450630210461018"
"LXTNSC GPON SEFH 2026_MR","0","6BA8","0","0","0","0","0","0","0","A8000000000000060725821","0","0","","LXTNSCU0706","","","","0","000008","2924","","{8FEFED3A-1FB9-443A-A03F-DFCD974C7584}","1","4324","304 BEAUMONT DR","LEXINGTON","7127","","QUAL UP TO 100 MB RANGE","0","SC000LXTN","LXTNSCU0706","SC050LXTN","NOT USED","","","000008","7127","SC050LXTN","p60","1427.97","1427.97","LXTN2765000304","","","1","LXTNSCU0706","","6BA8","","","SC","450630210461018"
"LXTNSC GPON SEFH 2026_MR","0","6BA8","0","0","0","0","0","0","0","A8000000000000023465898","0","0","","LXTNSCP0038","","","","0","000021","874","","{1AA7CBBB-EFCD-46C3-9FB3-5D76E6A749AC}","1","4390","316 CAROLINE HILL RD","LEXINGTON","7153","","QUAL UP TO 50 MB RANGE","0","SC000LXTN","LXTNSCP0038","SC050LXTN","NOT USED","","","000021","7153","SC050LXTN","p60","2296.57","2296.57","LXTN1130000316","","","1","LXTNSCP0038","","6BA8","","","SC","450630210461018"
"LXTNSC GPON SEFH 2026_MR","0","6BA8","0","0","0","0","0","0","0","A8000000000000024653436","0","0","","LXTNSCP0038","","","","0","000024","2669","","{2DB57826-8792-4063-A8A2-CC1AB85F9B52}","1","4414","280 CAROLINE HILL RD","LEXINGTON","7153","","QUAL UP TO 50 MB RANGE","0","SC000LXTN","LXTNSCP0038","SC050LXTN","NOT USED","","","000024","7153","SC050LXTN","p60","2648.3","2648.3","LXTN1130000280","","","1","LXTNSCP0038","","6BA8","","","SC","450630210461018"
"LXTNSC GPON SEFH 2026_MR","0","6BA8","0","0","0","0","0","0","0","A8000000000000003631186","0","0","","LXTNSCP0038","","","","0","000002","670","","{5F122E36-1A32-4B51-8DDB-9752000408B1}","1","4525","109 WILD SPRING RD","LEXINGTON","7153","","QUAL UP TO 100 MB RANGE","0","SC000LXTN","LXTNSCP0038","SC050LXTN","NOT USED","","","000002","7153","SC050LXTN","p60","618.68","618.68","LXTN1422000109","","","1","LXTNSCP0038","","6BA8","","","SC","450630210461020"
"LXTNSC GPON SEFH 2026_MR","0","6BA8","0","0","0","0","0","0","0","A8000000000000001744143","0","0","","LXTNSCU0706","","","","0","000014","1815","","{DEA0EB15-58A7-45AD-A183-FB1B26F19793}","1","4555","312 BEAUMONT DR","LEXINGTON","7127","","QUAL UP TO 50 MB RANGE","0","SC000LXTN","LXTNSCU0706","SC050LXTN","NOT USED","","","000014","7127","SC050LXTN","p60","1942.06","1942.06","LXTN2765000312","","","1","LXTNSCU0706","","6BA8","","","SC","450630210461018"
"LXTNSC GPON SEFH 2026_MR","0","6BA8","0","0","0","0","0","0","0","A8000000000000026898891","0","0","","LXTNSCU0706","","","","0","000008","981","","{8FEFED3A-1FB9-443A-A03F-DFCD974C7584}","1","4557","204 BEAUCLAIRE DR","LEXINGTON","7127","","QUAL UP TO 100 MB RANGE","0","SC000LXTN","LXTNSCU0706","SC050LXTN","NOT USED","","","000008","7127","SC050LXTN","p60","1362.56","1362.56","LXTN2766000204","","","1","LXTNSCU0706","","6BA8","","","SC","450630210461018"
"LXTNSC GPON SEFH 2026_MR","0","6BA8","0","0","0","0","0","0","0","A8000000000000010175136","0","0","","LXTNSCP0038","","","","0","000006","1354","","{EF7C9169-DD3F-42EA-821A-93035362024F}","1","4595","141 FRESH SPRING WAY","LEXINGTON","7155","","QUAL UP TO 100 MB RANGE","0","SC000LXTN","LXTNSCP0038","SC050LXTN","NOT USED","","","000006","7155","SC050LXTN","p60","1327.5","1327.5","LXTN1514000141","","","1","LXTNSCP0038","","6BA8","","","SC","450630210461019"
"LXTNSC GPON SEFH 2026_MR","0","6BA8","0","0","0","0","0","0","0","A8000000000000036288257","0","0","","LXTNSCP0038","","","","0","000013","588","","{9D92E24F-F66B-49F1-9533-8A537A3960F3}","1","4685","335 CAROLINE HILL RD","LEXINGTON","7153","","QUAL UP TO 100 MB RANGE","0","SC000LXTN","LXTNSCP0038","SC050LXTN","NOT USED","","","000013","7153","SC050LXTN","p60","1718.85","1718.85","LXTN1130000335","","","1","LXTNSCP0038","","6BA8","","","SC","450630210461020"
"LXTNSC GPON SEFH 2026_MR","0","6BA8","0","0","0","0","0","0","0","A8000000000000011497298","0","0","","LXTNSCP0038","","","","0","000003","1434","","{827D7B14-A25B-4CAD-8043-BADDFB2CEDC2}","1","4797","267 CAROLINE HILL RD","LEXINGTON","7156","","QUAL UP TO 100 MB RANGE","0","SC000LXTN","LXTNSCP0038","SC050LXTN","NOT USED","","","000003","7156","SC050LXTN","p60","1436.8","1436.8","LXTN1130000267","","","1","LXTNSCP0038","","6BA8","","","SC","450630210461019"
"LXTNSC GPON SEFH 2026_MR","0","6BA8","0","0","0","0","0","0","0","A8000000000000022907960","0","0","","LXTNSCU0706","","","","0","000021","2141","","{1584CA28-406A-43F8-BBF3-A5138A51CD18}","1","4844","332 BEAUMONT DR","LEXINGTON","7127","","QUAL UP TO 50 MB RANGE","0","SC000LXTN","LXTNSCU0706","SC050LXTN","NOT USED","","","000021","7127","SC050LXTN","p60","2502.26","2502.26","LXTN2765000332","","","1","LXTNSCU0706","","6BA8","","","SC","450630210461018"
"LXTNSC GPON SEFH 2026_MR","0","6BA8","0","0","0","0","0","0","0","A8000000000000013584361","0","0","","LXTNSCP0038","","","","0","000012","1031","","{CFCA1433-CF8E-47A5-B472-49EA3FCA3D2A}","1","4899","319 CAROLINE HILL RD","LEXINGTON","7153","","QUAL UP TO 100 MB RANGE","0","SC000LXTN","LXTNSCP0038","SC050LXTN","NOT USED","","","000012","7153","SC050LXTN","p60","1602.8","1602.8","LXTN1130000319","","","1","LXTNSCP0038","","6BA8","","","SC","450630210461020"
"LXTNSC GPON SEFH 2026_MR","0","6BA8","0","0","0","0","0","0","0","A8000000000000002220217","0","0","","LXTNSCU0703","","","","0","000034","4680","","{A90DE0FC-7E95-4021-8125-1DC887BC3488}","1","4918","642 HIGHWAY 378","LEXINGTON","7106","","NO QUAL","0","SC000LXTN","LXTNSCU0703","SC050LXTN","NOT USED","","","000034","7106","SC050LXTN","p60","4922.93","4922.93","LXTN1124000642","","","1","LXTNSCU0703","","6BA8","","","SC","450630210461021"
"LXTNSC GPON SEFH 2026_MR","0","6BA8","0","0","0","0","0","0","0","A8000000000000009397176","0","0","","LXTNSCP0038","","","","0","000007"," ","","{E450CC8D-DDF5-48CE-AB00-7C7945390DFB}","1","5126","228 CAROLINE HILL RD","LEXINGTON","7158","","QUAL UP TO 50 MB RANGE","0","SC000LXTN","LXTNSCP0038","SC050LXTN","NOT USED","","","000007","7158","SC050LXTN"," ","2432.48","2432.48"," ","","","1","LXTNSCP0038","","6BA8","","","SC","450630210461018"
"LXTNSC GPON SEFH 2026_MR","0","6BA8","0","0","0","0","0","0","0","A8000000000000001072118","0","0","","LXTNSCP0038","","","","0","000002","670","","{84CD7BEE-4737-49C6-B516-C8F0B0384089}","1","5227","108 WILD SPRING RD","LEXINGTON","7154","","QUAL UP TO 100 MB RANGE","0","SC000LXTN","LXTNSCP0038","SC050LXTN","NOT USED","","","000002","7154","SC050LXTN","p60","740.78","740.78","LXTN1422000108","","","1","LXTNSCP0038","","6BA8","","","SC","450630210461019"
"LXTNSC GPON SEFH 2026_MR","0","6BA8","0","0","0","0","0","0","0","A8000000000000003627163","0","0","","LXTNSCP0038","","","","0","000007","597","","{26347AF7-595E-46CD-AB3A-E5FF3314D0D5}","1","5236","136 WILD SPRING RD","LEXINGTON","7157","","QUAL UP TO 100 MB RANGE","0","SC000LXTN","LXTNSCP0038","SC050LXTN","NOT USED","","","000007","7157","SC050LXTN","p60","1948.18","1948.18","LXTN1422000136","","","1","LXTNSCP0038","","6BA8","","","SC","450630210461019"
"LXTNSC GPON SEFH 2026_MR","0","6BA8","0","0","0","0","0","0","0","A8000000000000013664980","0","0","","LXTNSCP0038","","","","0","000016","597","","{50BDD21C-84B7-4207-A8A5-B87BBE7FBC60}","1","5237","128 WILD SPRING RD","LEXINGTON","7154","","QUAL UP TO 50 MB RANGE","0","SC000LXTN","LXTNSCP0038","SC050LXTN","NOT USED","","","000016","7154","SC050LXTN","p60","2121.63","2121.63","LXTN1422000128","","","1","LXTNSCP0038","","6BA8","","","SC","450630210461019"
"LXTNSC GPON SEFH 2026_MR","0","6BA8","0","0","0","0","0","0","0","A8000000000000013802324","0","0","","LXTNSCP0038","","","","0","000008","1354","","{1D590DD8-B321-41BE-95AF-B1C51D2B3913}","1","5368","149 FRESH SPRING WAY","LEXINGTON","7155","","QUAL UP TO 100 MB RANGE","0","SC000LXTN","LXTNSCP0038","SC050LXTN","NOT USED","","","000008","7155","SC050LXTN","p60","1544.56","1544.56","LXTN1514000149","","","1","LXTNSCP0038","","6BA8","","","SC","450630210461019"
"LXTNSC GPON SEFH 2026_MR","0","6BA8","0","0","0","0","0","0","0","A8000000000000013296384","0","0","","LXTNSCP0038","","","","0","000004","674","","{735D560D-E05F-4D9D-B509-CE52A0A603A6}","1","5418","204 WILD SPRING CT","LEXINGTON","7154","","QUAL UP TO 100 MB RANGE","0","SC000LXTN","LXTNSCP0038","SC050LXTN","NOT USED","","","000004","7154","SC050LXTN","p60","1010.23","1010.23","LXTN1513000204","","","1","LXTNSCP0038","","6BA8","","","SC","450630210461019"
"LXTNSC GPON SEFH 2026_MR","0","6BA8","0","0","0","0","0","0","0","A8000000000000005032008","0","0","","LXTNSCP0038","","","","0","000022","874","","{BDB0D17F-6A44-445A-A48A-6A9DDDCDD916}","1","5621","312 CAROLINE HILL RD","LEXINGTON","7153","","QUAL UP TO 50 MB RANGE","0","SC000LXTN","LXTNSCP0038","SC050LXTN","NOT USED","","","000022","7153","SC050LXTN","p60","2425.49","2425.49","LXTN1130000312","","","1","LXTNSCP0038","","6BA8","","","SC","450630210461018"
"LXTNSC GPON SEFH 2026_MR","0","6BA8","0","0","0","0","0","0","0","A8000000000000000613766","0","0","","LXTNSCU0700","","","","0","000002"," ","","{B543B7FD-BBB9-41A0-8AB4-26C8D3DFA6E6}","0.921","5756","100 CAROLINE SPRINGS RD","LEXINGTON","7151","","NO QUAL","0","SC000LXTN","LXTNSCU0700","SC050LXTN","NOT USED","","","000002","7151","SC050LXTN"," ","14057.68","14057.68"," ","","","0.921","LXTNSCU0700","","6BA8","","","SC","450630210461021"
"LXTNSC GPON SEFH 2026_MR","0","6BA8","0","0","0","0","0","0","0","A8000000000000017598545","0","0","","LXTNSCU0706","","","","0","000021","2423","","{1584CA28-406A-43F8-BBF3-A5138A51CD18}","1","6107","328 BEAUMONT DR","LEXINGTON","7127","","QUAL UP TO 50 MB RANGE","0","SC000LXTN","LXTNSCU0706","SC050LXTN","NOT USED","","","000021","7127","SC050LXTN","p60","2538.75","2538.75","LXTN2765000328","","","1","LXTNSCU0706","","6BA8","","","SC","450630210461018"
"LXTNSC GPON SEFH 2026_MR","0","6BA8","0","0","0","0","0","0","0","A8000000000000009785409","0","0","","LXTNSCP0038","","","","0","00006C"," ","","{25508BF8-BB5C-438D-87EF-EEC070F236E3}","1","6326","157 FRESH SPRING WAY","LEXINGTON","7155","","QUAL UP TO 100 MB RANGE","0","SC000LXTN","LXTNSCP0038","SC050LXTN","NOT USED","","","00006C","7155","SC050LXTN"," ","1890.99","1890.99"," ","","","1","LXTNSCP0038","","6BA8","","","SC","450630210461018"
"LXTNSC GPON SEFH 2026_MR","0","6BA8","0","0","0","0","0","0","0","A8000000000000004589586","0","0","","LXTNSCP0038","","","","0","000015","48","","{C821DC07-039E-4E07-97D7-DBB475621CFC}","1","6413","355 CAROLINE HILL RD","LEXINGTON","7153","","QUAL UP TO 100 MB RANGE","0","SC000LXTN","LXTNSCP0038","SC050LXTN","NOT USED","","","000015","7153","SC050LXTN","p60","1980.15","1980.15","LXTN1130000355","","","1","LXTNSCP0038","","6BA8","","","SC","450630210461020"
"LXTNSC GPON SEFH 2026_MR","0","6BA8","0","0","0","0","0","0","0","A8000000000000016819994","0","0","","LXTNSCU0706","","","","0","000014","1815","","{DEA0EB15-58A7-45AD-A183-FB1B26F19793}","1","6527","316 BEAUMONT DR","LEXINGTON","7127","","QUAL UP TO 50 MB RANGE","0","SC000LXTN","LXTNSCU0706","SC050LXTN","NOT USED","","","000014","7127","SC050LXTN","p60","1946.65","1946.65","LXTN2765000316","","","1","LXTNSCU0706","","6BA8","","","SC","450630210461018"
"LXTNSC GPON SEFH 2026_MR","0","6BA8","0","0","0","0","0","0","0","A8000000000000025515188","0","0","","LXTNSCP0038","","","","0","000016","2058","","{50BDD21C-84B7-4207-A8A5-B87BBE7FBC60}","1","6677","132 WILD SPRING RD","LEXINGTON","7154","","QUAL UP TO 50 MB RANGE","0","SC000LXTN","LXTNSCP0038","SC050LXTN","NOT USED","","","000016","7154","SC050LXTN","p60","2109.61","2109.61","LXTN1422000132","","","1","LXTNSCP0038","","6BA8","","","SC","450630210461019"
"LXTNSC GPON SEFH 2026_MR","0","6BA8","0","0","0","0","0","0","0","A8000000000000006380975","0","0","","LXTNSCP0038","","","","0","000023","1031","","{9C34727E-0481-45E4-A409-FCA31D0E5381}","1","6793","304 CAROLINE HILL RD","LEXINGTON","7153","","QUAL UP TO 50 MB RANGE","0","SC000LXTN","LXTNSCP0038","SC050LXTN","NOT USED","","","000023","7153","SC050LXTN","p60","2536.75","2536.75","LXTN1130000304","","","1","LXTNSCP0038","","6BA8","","","SC","450630210461018"
"LXTNSC GPON SEFH 2026_MR","0","6BA8","0","0","0","0","0","0","0","A8000000000000002158360","0","0","","LXTNSCP0038","","","","0","000014","2114","","{675A9F9F-F309-493F-8EEE-2A00DA6FE8D5}","1","6975","233 CAROLINE HILL RD","LEXINGTON","7155","","QUAL UP TO 50 MB RANGE","0","SC000LXTN","LXTNSCP0038","SC050LXTN","NOT USED","","","000014","7155","SC050LXTN","p60","2174.62","2174.62","LXTN1130000233","","","1","LXTNSCP0038","","6BA8","","","SC","450630210461019"
"LXTNSC GPON SEFH 2026_MR","0","6BA8","0","0","0","0","0","0","0","A8000000000000021269051","0","0","","LXTNSCP0038","","","","0","000014","86","","{B5421C68-171C-47FE-A164-F1F69EADAB17}","1","7061","343 CAROLINE HILL RD","LEXINGTON","7153","","QUAL UP TO 100 MB RANGE","0","SC000LXTN","LXTNSCP0038","SC050LXTN","NOT USED","","","000014","7153","SC050LXTN","p60","1830.65","1830.65","LXTN1130000343","","","1","LXTNSCP0038","","6BA8","","","SC","450630210461020"
"LXTNSC GPON SEFH 2026_MR","0","6BA8","0","0","0","0","0","0","0","A8000000000000033236483","0","0","","LXTNSCP0038","","","","0","000005","1008","","{252B2975-1263-40AD-AC3F-BADD77C68D59}","1","7247","320 MISTY SPRING CT","LEXINGTON","7157","","QUAL UP TO 100 MB RANGE","0","SC000LXTN","LXTNSCP0038","SC050LXTN","NOT USED","","","000005","7157","SC050LXTN","p60","1695.84","1695.84","LXTN1542000320","","","1","LXTNSCP0038","","6BA8","","","SC","450630210461019"
"LXTNSC GPON SEFH 2026_MR","0","6BA8","0","0","0","0","0","0","0","A8000000000000016546603","0","0","","LXTNSCP0038","","","","0","000015"," ","","{6ACE76EC-0CCF-4F87-BF78-562E2C4EFB97}","1","7256","240 CAROLINE HILL RD","LEXINGTON","7155","","QUAL UP TO 50 MB RANGE","0","SC000LXTN","LXTNSCP0038","SC050LXTN","NOT USED","","","000015","7155","SC050LXTN"," ","2283.85","2283.85"," ","","","1","LXTNSCP0038","","6BA8","","","SC","450630210461018"
"LXTNSC GPON SEFH 2026_MR","0","6BA8","0","0","0","0","0","0","0","A8000000000000030295991","0","0","","LXTNSCP0038","","","","0","000002","670","","{84CD7BEE-4737-49C6-B516-C8F0B0384089}","1","7411","100 WILD SPRING RD","LEXINGTON","7154","","QUAL UP TO 100 MB RANGE","0","SC000LXTN","LXTNSCP0038","SC050LXTN","NOT USED","","","000002","7154","SC050LXTN","p60","727.86","727.86","LXTN1422000100","","","1","LXTNSCP0038","","6BA8","","","SC","450630210461019"
"LXTNSC GPON SEFH 2026_MR","0","6BA8","0","0","0","0","0","0","0","A8000000000000003067440","0","0","","LXTNSCP0038","","","","0","000025","2669","","{AE16A4AC-CF1D-44CD-8F81-737C5FFD9CFF}","1","7486","268 CAROLINE HILL RD","LEXINGTON","7153","","QUAL UP TO 50 MB RANGE","0","SC000LXTN","LXTNSCP0038","SC050LXTN","NOT USED","","","000025","7153","SC050LXTN","p60","2755.25","2755.25","LXTN1130000268","","","1","LXTNSCP0038","","6BA8","","","SC","450630210461018"
"LXTNSC GPON SEFH 2026_MR","0","6BA8","0","0","0","0","0","0","0","A8000000000000013596398","0","0","","LXTNSCU0706","","","","0","000014","2232","","{DEA0EB15-58A7-45AD-A183-FB1B26F19793}","1","7496","405 SAINT CLAIRE PL","LEXINGTON","7127","","QUAL UP TO 50 MB RANGE","0","SC000LXTN","LXTNSCU0706","SC050LXTN","NOT USED","","","000014","7127","SC050LXTN","p60","1955.61","1955.61","LXTN2767000405","","","1","LXTNSCU0706","","6BA8","","","SC","450630210461018"
"LXTNSC GPON SEFH 2026_MR","0","6BA8","0","0","0","0","0","0","0","A8000000000000007988685","0","0","","LXTNSCP0038","","","","0","000019"," ","","{0ED43972-28BC-486B-8628-024B4E2F1623}","1","7504","139 CAROLINE SPRINGS RD","LEXINGTON","7153","","QUAL UP TO 50 MB RANGE","0","SC000LXTN","LXTNSCP0038","SC050LXTN","NOT USED","","","000019","7153","SC050LXTN"," ","2231.32","2231.32"," ","","","1","LXTNSCP0038","","6BA8","","","SC","450630210461021"
"LXTNSC GPON SEFH 2026_MR","0","6BA8","0","0","0","0","0","0","0","A8000000000000015887961","0","0","","LXTNSCP0038","","","","0","000012","501","","{81A466C0-FDC3-47C5-B246-54A34A56BFF2}","1","7731","211 WILD SPRING CT","LEXINGTON","7154","","QUAL UP TO 100 MB RANGE","0","SC000LXTN","LXTNSCP0038","SC050LXTN","NOT USED","","","000012","7154","SC050LXTN","p60","1644.6","1644.6","LXTN1513000211","","","1","LXTNSCP0038","","6BA8","","","SC","450630210461019"
"LXTNSC GPON SEFH 2026_MR","0","6BA8","0","0","0","0","0","0","0","A8000000000000012552920","0","0","","LXTNSCU0706","","","","0","000024","2924","","{42CB2818-9841-4543-8ECF-EFC3EFCDF973}","1","7757","340 BEAUMONT DR","LEXINGTON","7127","","QUAL UP TO 50 MB RANGE","0","SC000LXTN","LXTNSCU0706","SC050LXTN","NOT USED","","","000024","7127","SC050LXTN","p60","2922.8","2922.8","LXTN2765000340","","","1","LXTNSCU0706","","6BA8","","","SC","450630210461016"
"LXTNSC GPON SEFH 2026_MR","0","6BA8","0","0","0","0","0","0","0","A8000000000000015768158","0","0","","LXTNSCP0038","","","","0","000006","813","","{ED65F628-8917-4E66-A01C-DE73A52B9D07}","1","7789","224 WILD SPRING CT","LEXINGTON","7154","","QUAL UP TO 100 MB RANGE","0","SC000LXTN","LXTNSCP0038","SC050LXTN","NOT USED","","","000006","7154","SC050LXTN","p60","1197.42","1197.42","LXTN1513000224","","","1","LXTNSCP0038","","6BA8","","","SC","450630210461019"
"LXTNSC GPON SEFH 2026_MR","0","6BA8","0","0","0","0","0","0","0","A8000000000000036784505","0","0","","LXTNSCP0038","","","","0","000026","1350","","{5BEC5A2F-892C-406D-B27C-E3383AF126DF}","1","8419","264 CAROLINE HILL RD","LEXINGTON","7153","","QUAL UP TO 50 MB RANGE","0","SC000LXTN","LXTNSCP0038","SC050LXTN","NOT USED","","","000026","7153","SC050LXTN","p60","2872.29","2872.29","LXTN1130000264","","","1","LXTNSCP0038","","6BA8","","","SC","450630210461018"
"LXTNSC GPON SEFH 2026_MR","0","6BA8","0","0","0","0","0","0","0","A8000000000000033232456","0","0","","LXTNSCP0038","","","","0","000006","1008","","{54B157FA-A86E-442A-9E52-E78521EEE754}","1","8562","312 MISTY SPRING CT","LEXINGTON","7157","","QUAL UP TO 100 MB RANGE","0","SC000LXTN","LXTNSCP0038","SC050LXTN","NOT USED","","","000006","7157","SC050LXTN","p60","1804.22","1804.22","LXTN1542000312","","","1","LXTNSCP0038","","6BA8","","","SC","450630210461019"
"LXTNSC GPON SEFH 2026_MR","0","6BA8","0","0","0","0","0","0","0","A8000000000000014829037","0","0","","LXTNSCP0038","","","","0","000021","7117","","{1AA7CBBB-EFCD-46C3-9FB3-5D76E6A749AC}","1","8571","142 ELMER RD","LEXINGTON","7153","","QUAL UP TO 50 MB RANGE","0","SC000LXTN","LXTNSCP0038","SC050LXTN","NOT USED","","","000021","7153","SC050LXTN","p60","2504.51","2504.51","LXTN2506000142","","","1","LXTNSCP0038","","6BA8","","","SC","450630210461021"
"LXTNSC GPON SEFH 2026_MR","0","6BA8","0","0","0","0","0","0","0","A8000000000000011761349","0","0","","LXTNSCP0038","","","","0","000004","1434","","{76773A36-AE47-4CCA-A5FE-81D8983FCA62}","1","8606","255 CAROLINE HILL RD","LEXINGTON","7156","","QUAL UP TO 100 MB RANGE","0","SC000LXTN","LXTNSCP0038","SC050LXTN","NOT USED","","","000004","7156","SC050LXTN","p60","1558.33","1558.33","LXTN1130000255","","","1","LXTNSCP0038","","6BA8","","","SC","450630210461019"
"LXTNSC GPON SEFH 2026_MR","0","6BA8","0","0","0","0","0","0","0","A8000000000000003650905","0","0","","LXTNSCP0038","","","","0","00006B","1354","","{CE0F788B-CB07-4247-9351-D397F8515F35}","1","8625","142 FRESH SPRING WAY","LEXINGTON","7155","","QUAL UP TO 100 MB RANGE","0","SC000LXTN","LXTNSCP0038","SC050LXTN","NOT USED","","","00006B","7155","SC050LXTN","p60","1587.22","1587.22","LXTN1514000142","","","1","LXTNSCP0038","","6BA8","","","SC","450630210461018"
"LXTNSC GPON SEFH 2026_MR","0","6BA8","0","0","0","0","0","0","0","A8000000000000054639664","0","0","","LXTNSCU0700","","","","0","000012","1592","","{93D14C57-4140-444F-8B7A-B6159773960F}","0.999","8747","209 CAROLINE SPRINGS RD","LEXINGTON","7151","","NO QUAL","0","SC000LXTN","LXTNSCU0700","SC050LXTN","NOT USED","","","000012","7151","SC050LXTN","p60","13224.72","13224.72","LXTN2507000209","","","0.999","LXTNSCU0700","","6BA8","","","SC","450630210461022"
"LXTNSC GPON SEFH 2026_MR","0","6BA8","0","0","0","0","0","0","0","A8000000000000016539100","0","0","","LXTNSCP0038","","","","0","000007","1638","","{E450CC8D-DDF5-48CE-AB00-7C7945390DFB}","1","8768","224 CAROLINE HILL RD","LEXINGTON","7158","","QUAL UP TO 50 MB RANGE","0","SC000LXTN","LXTNSCP0038","SC050LXTN","NOT USED","","","000007","7158","SC050LXTN","p60","2425.86","2425.86","LXTN1130000224","","","1","LXTNSCP0038","","6BA8","","","SC","450630210461018"
"LXTNSC GPON SEFH 2026_MR","0","6BA8","0","0","0","0","0","0","0","A8000000000000013536336","0","0","","LXTNSCP0038","","","","0","000020","6930","","{B5BE11A5-5606-4118-B1CA-5890841094FA}","1","8790","141 CAROLINE SPRINGS RD","LEXINGTON","7153","","QUAL UP TO 50 MB RANGE","0","SC000LXTN","LXTNSCP0038","SC050LXTN","NOT USED","","","000020","7153","SC050LXTN","p60","2376.37","2376.37","LXTN2507000141","","","1","LXTNSCP0038","","6BA8","","","SC","450630210461021"
"LXTNSC GPON SEFH 2026_MR","0","6BA8","0","0","0","0","0","0","0","A8000000000000034913545","0","0","","LXTNSCP0038","","","","0","000028","1288","","{B5B029B1-859E-43CF-80E7-BFDF8928427B}","1","8849","248 CAROLINE HILL RD","LEXINGTON","7153","","QUAL UP TO 50 MB RANGE","0","SC000LXTN","LXTNSCP0038","SC050LXTN","NOT USED","","","000028","7153","SC050LXTN","p60","3139.28","3139.28","LXTN1130000248","","","1","LXTNSCP0038","","6BA8","","","SC","450630210461018"
"LXTNSC GPON SEFH 2026_MR","0","6BA8","0","0","0","0","0","0","0","A8000000000000017836642","0","0","","LXTNSCP0038","","","","0","000011","760","","{06BA970A-7FE3-46F4-BDDF-B83778256FD4}","1","9200","227 WILD SPRING CT","LEXINGTON","7154","","QUAL UP TO 100 MB RANGE","0","SC000LXTN","LXTNSCP0038","SC050LXTN","NOT USED","","","000011","7154","SC050LXTN","p60","1506.01","1506.01","LXTN1513000227","","","1","LXTNSCP0038","","6BA8","","","SC","450630210461019"
"LXTNSC GPON SEFH 2026_MR","0","6BA8","0","0","0","0","0","0","0","A8000000000000000792650","0","0","","LXTNSCP0038","","","","0","00006B"," ","","{CE0F788B-CB07-4247-9351-D397F8515F35}","1","9211","143 FRESH SPRING WAY","LEXINGTON","7155","","QUAL UP TO 100 MB RANGE","0","SC000LXTN","LXTNSCP0038","SC050LXTN","NOT USED","","","00006B","7155","SC050LXTN"," ","1561.4","1561.4"," ","","","1","LXTNSCP0038","","6BA8","","","SC","450630210461019"
"LXTNSC GPON SEFH 2026_MR","0","6BA8","0","0","0","0","0","0","0","A8000000000000020569617","0","0","","LXTNSCP0038","","","","0","00006A","954","","{544F4C74-6FC2-4279-888F-D9899D9D89F7}","1","9316","130 FRESH SPRING WAY","LEXINGTON","7155","","QUAL UP TO 100 MB RANGE","0","SC000LXTN","LXTNSCP0038","SC050LXTN","NOT USED","","","00006A","7155","SC050LXTN","p60","1501.59","1501.59","LXTN1514000130","","","1","LXTNSCP0038","","6BA8","","","SC","450630210461018"
"LXTNSC GPON SEFH 2026_MR","0","6BA8","0","0","0","0","0","0","0","A8000000000000012011104","0","0","","LXTNSCP0038","","","","0","000005"," ","","{9259798D-E04F-421D-BAEF-B0289CD9D925}","1","9326","216 CAROLINE HILL RD","LEXINGTON","7158","","QUAL UP TO 50 MB RANGE","0","SC000LXTN","LXTNSCP0038","SC050LXTN","NOT USED","","","000005","7158","SC050LXTN"," ","2203.12","2203.12"," ","","","1","LXTNSCP0038","","6BA8","","","SC","450630210461018"
"LXTNSC GPON SEFH 2026_MR","0","6BA8","0","0","0","0","0","0","0","A8000000000000025682560","0","0","","LXTNSCP0038","","","","0","00006C"," ","","{25508BF8-BB5C-438D-87EF-EEC070F236E3}","1","9368","101 CAROLINE XING","LEXINGTON","7155","","QUAL UP TO 50 MB RANGE","0","SC000LXTN","LXTNSCP0038","SC050LXTN","NOT USED","","","00006C","7155","SC050LXTN"," ","2004.43","2004.43"," ","","","1","LXTNSCP0038","","6BA8","","","SC","450630210461018"
"LXTNSC GPON SEFH 2026_MR","0","6BA8","0","0","0","0","0","0","0","A8000000000000013588840","0","0","","LXTNSCU0706","","","","0","000025","2924","","{C8914B3E-2C65-4589-AFD4-4F8065ACBF3D}","1","9477","347 BEAUMONT DR","LEXINGTON","7127","","QUAL UP TO 50 MB RANGE","0","SC000LXTN","LXTNSCU0706","SC050LXTN","NOT USED","","","000025","7127","SC050LXTN","p60","3098.96","3098.96","LXTN2765000347","","","1","LXTNSCU0706","","6BA8","","","SC","450630210461018"
"LXTNSC GPON SEFH 2026_MR","0","6BA8","0","0","0","0","0","0","0","A8000000000000008971688","0","0","","LXTNSCP0038","","","","0","000015","86","","{C821DC07-039E-4E07-97D7-DBB475621CFC}","1","9511","347 CAROLINE HILL RD","LEXINGTON","7153","","QUAL UP TO 100 MB RANGE","0","SC000LXTN","LXTNSCP0038","SC050LXTN","NOT USED","","","000015","7153","SC050LXTN","p60","1968.76","1968.76","LXTN1130000347","","","1","LXTNSCP0038","","6BA8","","","SC","450630210461020"
"LXTNSC GPON SEFH 2026_MR","0","6BA8","0","0","0","0","0","0","0","A8000000000000018972678","0","0","","LXTNSCU0706","","","","0","000009","2082","","{D7EB9221-D489-4CC9-8A93-3901EEE25884}","1","9677","415 SAINT CLAIRE PL","LEXINGTON","7128","","QUAL UP TO 50 MB RANGE","0","SC000LXTN","LXTNSCU0706","SC050LXTN","NOT USED","","","000009","7128","SC050LXTN","p60","2185.37","2185.37","LXTN2767000415","","","1","LXTNSCU0706","","6BA8","","","SC","450630210461018"
"LXTNSC GPON SEFH 2026_MR","0","6BA8","0","0","0","0","0","0","0","A8000000000000001294986","0","0","","LXTNSCP0038","","","","0","000012","466","","{CFCA1433-CF8E-47A5-B472-49EA3FCA3D2A}","1","9743","327 CAROLINE HILL RD","LEXINGTON","7153","","QUAL UP TO 100 MB RANGE","0","SC000LXTN","LXTNSCP0038","SC050LXTN","NOT USED","","","000012","7153","SC050LXTN","p60","1572.29","1572.29","LXTN1130000327","","","1","LXTNSCP0038","","6BA8","","","SC","450630210461020"
"LXTNSC GPON SEFH 2026_MR","0","6BA8","0","0","0","0","0","0","0","A8000000000000020370131","0","0","","LXTNSCP0038","","","","0","000012","674","","{81A466C0-FDC3-47C5-B246-54A34A56BFF2}","1","9825","215 WILD SPRING CT","LEXINGTON","7154","","QUAL UP TO 100 MB RANGE","0","SC000LXTN","LXTNSCP0038","SC050LXTN","NOT USED","","","000012","7154","SC050LXTN","p60","1612.04","1612.04","LXTN1513000215","","","1","LXTNSCP0038","","6BA8","","","SC","450630210461019"
"LXTNSC GPON SEFH 2026_MR","0","6BA8","0","0","0","0","0","0","0","A8000000000000028639020","0","0","","LXTNSCP0038","","","","0","000013","1425","","{22F7BA43-5D60-4695-896F-E4A70761C0B3}","1","9916","225 CAROLINE HILL RD","LEXINGTON","7155","","QUAL UP TO 50 MB RANGE","0","SC000LXTN","LXTNSCP0038","SC050LXTN","NOT USED","","","000013","7155","SC050LXTN","p60","2000.06","2000.06","LXTN1130000225","","","1","LXTNSCP0038","","6BA8","","","SC","450630210461019"
"LXTNSC GPON SEFH 2026_MR","0","6BA8","0","0","0","0","0","0","0","A8000000000000024000843","0","0","","LXTNSCP0038","","","","0","000027","1393","","{E7D153AA-A7D6-4835-9B40-91326064D60B}","1","10129","252 CAROLINE HILL RD","LEXINGTON","7153","","QUAL UP TO 50 MB RANGE","0","SC000LXTN","LXTNSCP0038","SC050LXTN","NOT USED","","","000027","7153","SC050LXTN","p60","3008.37","3008.37","LXTN1130000252","","","1","LXTNSCP0038","","6BA8","","","SC","450630210461018"
"LXTNSC GPON SEFH 2026_MR","0","6BA8","0","0","0","0","0","0","0","A8000000000000051650401","0","0","","LXTNSCU0700","","","","0","000012"," ","","{93D14C57-4140-444F-8B7A-B6159773960F}","0.999","10220","121A ELMER RD","LEXINGTON","7151","","NO QUAL","0","SC000LXTN","LXTNSCU0700","SC050LXTN","NOT USED","","","000012","7151","SC050LXTN"," ","13394.24","13394.24"," ","","","0.999","LXTNSCU0700","","6BA8","","","SC","450630210461022"
"LXTNSC GPON SEFH 2026_MR","0","6BA8","0","0","0","0","0","0","0","A8000000000000002307213","0","0","","LXTNSCP0038","","","","0","000008","813","","{97A173A6-4C9E-4ED8-8161-5FCFC19F00BE}","1","10435","228 WILD SPRING CT","LEXINGTON","7154","","QUAL UP TO 100 MB RANGE","0","SC000LXTN","LXTNSCP0038","SC050LXTN","NOT USED","","","000008","7154","SC050LXTN","p60","1361.72","1361.72","LXTN1513000228","","","1","LXTNSCP0038","","6BA8","","","SC","450630210461019"
"LXTNSC GPON SEFH 2026_MR","0","6BA8","0","0","0","0","0","0","0","A8000000000000003505191","0","0","","LXTNSCU0706","","","","0","00004A","1650","","{3718CF67-C002-4DEC-AC69-2AE46DEF812D}","1","10639","212 BEAUCLAIRE DR","LEXINGTON","7128","","QUAL UP TO 50 MB RANGE","0","SC000LXTN","LXTNSCU0706","SC050LXTN","NOT USED","","","00004A","7128","SC050LXTN","p60","1941.47","1941.47","LXTN2766000212","","","1","LXTNSCU0706","","6BA8","","","SC","450630210461018"
"LXTNSC GPON SEFH 2026_MR","0","6BA8","0","0","0","0","0","0","0","A8000000000000006245134","0","0","","LXTNSCP0038","","","","0","000027","1393","","{E7D153AA-A7D6-4835-9B40-91326064D60B}","1","10661","256 CAROLINE HILL RD","LEXINGTON","7153","","QUAL UP TO 50 MB RANGE","0","SC000LXTN","LXTNSCP0038","SC050LXTN","NOT USED","","","000027","7153","SC050LXTN","p60","3020.17","3020.17","LXTN1130000256","","","1","LXTNSCP0038","","6BA8","","","SC","450630210461018"
"LXTNSC GPON SEFH 2026_MR","0","6BA8","0","0","0","0","0","0","0","A8000000000000018612130","0","0","","LXTNSCP0038","","","","0","000022","7502","","{BDB0D17F-6A44-445A-A48A-6A9DDDCDD916}","1","10718","204 CAROLINE SPRINGS RD","LEXINGTON","7153","","QUAL UP TO 50 MB RANGE","0","SC000LXTN","LXTNSCP0038","SC050LXTN","NOT USED","","","000022","7153","SC050LXTN","p60","2525.5","2525.5","LXTN2507000204","","","1","LXTNSCP0038","","6BA8","","","SC","450630210461018"
"LXTNSC GPON SEFH 2026_MR","0","6BA8","0","0","0","0","0","0","0","A8000000000000010732206","0","0","","LXTNSCP0038","","","","0","000020","466","","{B5BE11A5-5606-4118-B1CA-5890841094FA}","1","10747","328 CAROLINE HILL RD","LEXINGTON","7153","","QUAL UP TO 50 MB RANGE","0","SC000LXTN","LXTNSCP0038","SC050LXTN","NOT USED","","","000020","7153","SC050LXTN","p60","2170.2","2170.2","LXTN1130000328","","","1","LXTNSCP0038","","6BA8","","","SC","450630210461018"
"LXTNSC GPON SEFH 2026_MR","0","6BA8","0","0","0","0","0","0","0","A8000000000000016446043","0","0","","LXTNSCU0706","","","","0","000010","2222","","{074DB788-66F9-40EE-99E8-D237699515B1}","1","10798","416 SAINT CLAIRE PL","LEXINGTON","7128","","QUAL UP TO 50 MB RANGE","0","SC000LXTN","LXTNSCU0706","SC050LXTN","NOT USED","","","000010","7128","SC050LXTN","p60","2366.76","2366.76","LXTN2767000416","","","1","LXTNSCU0706","","6BA8","","","SC","450630210461018"
"LXTNSC GPON SEFH 2026_MR","0","6BA8","0","0","0","0","0","0","0","A8000000000000034097248","0","0","","LXTNSCU0706","","","","0","00009A","2397","","{93C1F821-E097-454D-B796-D3D860E02F52}","1","10884","404 SAINT CLAIRE PL","LEXINGTON","7128","","QUAL UP TO 50 MB RANGE","0","SC000LXTN","LXTNSCU0706","SC050LXTN","NOT USED","","","00009A","7128","SC050LXTN","p60","2332.03","2332.03","LXTN2767000404","","","1","LXTNSCU0706","","6BA8","","","SC","450630210461018"
"LXTNSC GPON SEFH 2026_MR","0","6BA8","0","0","0","0","0","0","0","A8000000000000028634388","0","0","","LXTNSCP0038","","","","0","000006","813","","{ED65F628-8917-4E66-A01C-DE73A52B9D07}","1","10903","220 WILD SPRING CT","LEXINGTON","7154","","QUAL UP TO 100 MB RANGE","0","SC000LXTN","LXTNSCP0038","SC050LXTN","NOT USED","","","000006","7154","SC050LXTN","p60","1207.6","1207.6","LXTN1513000220","","","1","LXTNSCP0038","","6BA8","","","SC","450630210461019"
"LXTNSC GPON SEFH 2026_MR","0","6BA8","0","0","0","0","0","0","0","A8000000000000011519420","0","0","","LXTNSCU0706","","","","0","000010","2456","","{074DB788-66F9-40EE-99E8-D237699515B1}","1","10997","408 SAINT CLAIRE PL","LEXINGTON","7128","","QUAL UP TO 50 MB RANGE","0","SC000LXTN","LXTNSCU0706","SC050LXTN","NOT USED","","","000010","7128","SC050LXTN","p60","2357.45","2357.45","LXTN2767000408","","","1","LXTNSCU0706","","6BA8","","","SC","450630210461018"
"LXTNSC GPON SEFH 2026_MR","0","6BA8","0","0","0","0","0","0","0","A8000000000000016769239","0","0","","LXTNSCU0700","","","","0","000013","7502","","{DC91FBEF-FDC7-4782-BCAB-277F97F6F21F}","0.912","11041","138 ELMER RD","LEXINGTON","7151","","NO QUAL","0","SC000LXTN","LXTNSCU0700","SC050LXTN","NOT USED","","","000013","7151","SC050LXTN","p60","12704.41","12704.41","LXTN2506000138","","","0.912","LXTNSCU0700","","6BA8","","","SC","450630210461021"
"LXTNSC GPON SEFH 2026_MR","0","6BA8","0","0","0","0","0","0","0","A8000000000000005026458","0","0","","LXTNSCP0038","","","","0","000004"," ","","{E50BD227-E99C-44FB-ADEA-F191BCD88300}","1","11126","208 CAROLINE HILL RD","LEXINGTON","7158","","QUAL UP TO 100 MB RANGE","0","SC000LXTN","LXTNSCP0038","SC050LXTN","NOT USED","","","000004","7158","SC050LXTN"," ","1971.42","1971.42"," ","","","1","LXTNSCP0038","","6BA8","","","SC","450630210461018"
"LXTNSC GPON SEFH 2026_MR","0","6BA8","0","0","0","0","0","0","0","A8000000000000016166045","0","0","","LXTNSCP0038","","","","0","000007","1008","","{26347AF7-595E-46CD-AB3A-E5FF3314D0D5}","1","11166","304 MISTY SPRING CT","LEXINGTON","7157","","QUAL UP TO 100 MB RANGE","0","SC000LXTN","LXTNSCP0038","SC050LXTN","NOT USED","","","000007","7157","SC050LXTN","p60","1920.7","1920.7","LXTN1542000304","","","1","LXTNSCP0038","","6BA8","","","SC","450630210461019"
"LXTNSC GPON SEFH 2026_MR","0","6BA8","0","0","0","0","0","0","0","A8000000000000018412615","0","0","","LXTNSCU0706","","","","0","000017","2070","","{2D8BA6EE-B8F7-4CE9-9DDB-29D0DC3689AB}","1","11185","320 BEAUMONT DR","LEXINGTON","7127","","QUAL UP TO 50 MB RANGE","0","SC000LXTN","LXTNSCU0706","SC050LXTN","NOT USED","","","000017","7127","SC050LXTN","p60","2213.27","2213.27","LXTN2765000320","","","1","LXTNSCU0706","","6BA8","","","SC","450630210461018"
"LXTNSC GPON SEFH 2026_MR","0","6BA8","0","0","0","0","0","0","0","A8000000000000036408456","0","0","","LXTNSCP0038","","","","0","00006C","1682","","{25508BF8-BB5C-438D-87EF-EEC070F236E3}","1","11216","161 FRESH SPRING WAY","LEXINGTON","7155","","QUAL UP TO 100 MB RANGE","0","SC000LXTN","LXTNSCP0038","SC050LXTN","NOT USED","","","00006C","7155","SC050LXTN","p60","1984.11","1984.11","LXTN1514000161","","","1","LXTNSCP0038","","6BA8","","","SC","450630210461018"
"LXTNSC GPON SEFH 2026_MR","0","6BA8","0","0","0","0","0","0","0","A8000000000000012456784","0","0","","LXTNSCU0703","","","","0","000028","4680","","{929C5AD0-C366-4313-9CAE-CF4F521C9B99}","1","11317","648 HIGHWAY 378","LEXINGTON","7106","","QUAL UP TO 25 MB RANGE","0","SC000LXTN","LXTNSCU0703","SC050LXTN","NOT USED","","","000028","7106","SC050LXTN","p60","4557.45","4557.45","LXTN1124000648","","","1","LXTNSCU0703","","6BA8","","","SC","450630210461021"
"LXTNSC GPON SEFH 2026_MR","0","6BA8","0","0","0","0","0","0","0","A8000000000000027147417","0","0","","LXTNSCU0706","","","","0","000012","2140","","{12B7F5EC-9B19-417B-AE64-F76D805B42FC}","1","11352","412 SAINT CLAIRE PL","LEXINGTON","7128","","QUAL UP TO 50 MB RANGE","0","SC000LXTN","LXTNSCU0706","SC050LXTN","NOT USED","","","000012","7128","SC050LXTN","p60","2553.52","2553.52","LXTN2767000412","","","1","LXTNSCU0706","","6BA8","","","SC","450630210461018"
"LXTNSC GPON SEFH 2026_MR","0","6BA8","0","0","0","0","0","0","0","A8000000000000013535072","0","0","","LXTNSCP0038","","","","0","00006A","1290","","{544F4C74-6FC2-4279-888F-D9899D9D89F7}","1","11355","138 FRESH SPRING WAY","LEXINGTON","7155","","QUAL UP TO 100 MB RANGE","0","SC000LXTN","LXTNSCP0038","SC050LXTN","NOT USED","","","00006A","7155","SC050LXTN","p60","1464.54","1464.54","LXTN1514000138","","","1","LXTNSCP0038","","6BA8","","","SC","450630210461018"
"LXTNSC GPON SEFH 2026_MR","0","6BA8","0","0","0","0","0","0","0","A8000000000000024723508","0","0","","LXTNSCP0038","","","","0","000001","670","","{4B980A40-F668-47BB-8FDE-FCD829E0B006}","1","11375","105 WILD SPRING RD","LEXINGTON","7153","","QUAL UP TO 100 MB RANGE","0","SC000LXTN","LXTNSCP0038","SC050LXTN","NOT USED","","","000001","7153","SC050LXTN","p60","419.41","419.41","LXTN1422000105","","","1","LXTNSCP0038","","6BA8","","","SC","450630210461020"
"LXTNSC GPON SEFH 2026_MR","0","6BA8","0","0","0","0","0","0","0","A8000000000000028422286","0","0","","LXTNSCU0706","","","","0","000007","1682","","{BF824AAE-767E-4F8F-84EE-546F35CC8AE2}","1","11506","169 FRESH SPRING WAY","LEXINGTON","7291","","NO QUAL","0","SC000LXTN","LXTNSCU0706","SC050LXTN","NOT USED","","","000007","7291","SC050LXTN","p60","6496.24","6496.24","LXTN1514000169","","","1","LXTNSCU0706","","6BA8","","","SC","450630210461016"
"LXTNSC GPON SEFH 2026_MR","0","6BA8","0","0","0","0","0","0","0","A8000000000000006256086","0","0","","LXTNSCP0038","","","","0","000007","1008","","{26347AF7-595E-46CD-AB3A-E5FF3314D0D5}","1","11514","309 MISTY SPRING CT","LEXINGTON","7157","","QUAL UP TO 100 MB RANGE","0","SC000LXTN","LXTNSCP0038","SC050LXTN","NOT USED","","","000007","7157","SC050LXTN","p60","1967.86","1967.86","LXTN1542000309","","","1","LXTNSCP0038","","6BA8","","","SC","450630210461019"
"LXTNSC GPON SEFH 2026_MR","0","6BA8","0","0","0","0","0","0","0","A8000000000000018192438","0","0","","LXTNSCP0038","","","","0","000021","728","","{1AA7CBBB-EFCD-46C3-9FB3-5D76E6A749AC}","1","11529","320 CAROLINE HILL RD","LEXINGTON","7153","","QUAL UP TO 50 MB RANGE","0","SC000LXTN","LXTNSCP0038","SC050LXTN","NOT USED","","","000021","7153","SC050LXTN","p60","2260.94","2260.94","LXTN1130000320","","","1","LXTNSCP0038","","6BA8","","","SC","450630210461018"
"LXTNSC GPON SEFH 2026_MR","0","6BA8","0","0","0","0","0","0","0","A8000000000000013399440","0","0","","LXTNSCP0038","","","","0","000004","597","","{BA04C654-CF6B-40A7-9852-D9D985D400C8}","1","11552","125 WILD SPRING RD","LEXINGTON","7153","","QUAL UP TO 100 MB RANGE","0","SC000LXTN","LXTNSCP0038","SC050LXTN","NOT USED","","","000004","7153","SC050LXTN","p60","848.22","848.22","LXTN1422000125","","","1","LXTNSCP0038","","6BA8","","","SC","450630210461020"
"LXTNSC GPON SEFH 2026_MR","0","6BA8","0","0","0","0","0","0","0","A8000000000000004584147","0","0","","LXTNSCP0038","","","","0","000028","1288","","{B5B029B1-859E-43CF-80E7-BFDF8928427B}","1","11622","244 CAROLINE HILL RD","LEXINGTON","7153","","QUAL UP TO 50 MB RANGE","0","SC000LXTN","LXTNSCP0038","SC050LXTN","NOT USED","","","000028","7153","SC050LXTN","p60","3139.7","3139.7","LXTN1130000244","","","1","LXTNSCP0038","","6BA8","","","SC","450630210461018"
"LXTNSC GPON SEFH 2026_MR","0","6BA8","0","0","0","0","0","0","0","A8000000000000015502606","0","0","","LXTNSCP0038","","","","0","000012","1425","","{10EFA67C-0AE5-4C0C-96D5-4D31D234A783}","1","11779","221 CAROLINE HILL RD","LEXINGTON","7155","","QUAL UP TO 100 MB RANGE","0","SC000LXTN","LXTNSCP0038","SC050LXTN","NOT USED","","","000012","7155","SC050LXTN","p60","1860.79","1860.79","LXTN1130000221","","","1","LXTNSCP0038","","6BA8","","","SC","450630210461019"
"LXTNSC GPON SEFH 2026_MR","0","6BA8","0","0","0","0","0","0","0","A8000000000000006478624","0","0","","LXTNSCP0038","","","","0","000004","427","","{BA04C654-CF6B-40A7-9852-D9D985D400C8}","1","11817","129 WILD SPRING RD","LEXINGTON","7153","","QUAL UP TO 100 MB RANGE","0","SC000LXTN","LXTNSCP0038","SC050LXTN","NOT USED","","","000004","7153","SC050LXTN","p60","877.23","877.23","LXTN1422000129","","","1","LXTNSCP0038","","6BA8","","","SC","450630210461020"
"LXTNSC GPON SEFH 2026_MR","0","6BA8","0","0","0","0","0","0","0","A8000000000000048687259","0","0","","LXTNSCU0706","","","","0","000024","2294","","{42CB2818-9841-4543-8ECF-EFC3EFCDF973}","1","11939","341 BEAUMONT DR","LEXINGTON","7127","","QUAL UP TO 50 MB RANGE","0","SC000LXTN","LXTNSCU0706","SC050LXTN","NOT USED","","","000024","7127","SC050LXTN","p60","2902.24","2902.24","LXTN2765000341","","","1","LXTNSCU0706","","6BA8","","","SC","450630210461018"
"LXTNSC GPON SEFH 2026_MR","0","6BA8","0","0","0","0","0","0","0","A8000000000000007384865","0","0","","LXTNSCP0038","","","","0","000005","1319","","{2FB96A0E-1C52-4C3A-9A60-A2AC313223BB}","1","11998","133 FRESH SPRING WAY","LEXINGTON","7155","","QUAL UP TO 100 MB RANGE","0","SC000LXTN","LXTNSCP0038","SC050LXTN","NOT USED","","","000005","7155","SC050LXTN","p60","1219.48","1219.48","LXTN1514000133","","","1","LXTNSCP0038","","6BA8","","","SC","450630210461019"
"LXTNSC GPON SEFH 2026_MR","0","6BA8","0","0","0","0","0","0","0","A8000000000000017573203","0","0","","LXTNSCP0038","","","","0","000003"," ","","{942407D5-E580-4047-AFE9-8976D9DBAE70}","1","12129","205 WILD SPRING CT","LEXINGTON","7153","","QUAL UP TO 100 MB RANGE","0","SC000LXTN","LXTNSCP0038","SC050LXTN","NOT USED","","","000003","7153","SC050LXTN"," ","728.63","728.63"," ","","","1","LXTNSCP0038","","6BA8","","","SC","450630210461019"
"LXTNSC GPON SEFH 2026_MR","0","6BA8","0","0","0","0","0","0","0","A8000000000000012805886","0","0","","LXTNSCP0038","","","","0","000022","1031","","{BDB0D17F-6A44-445A-A48A-6A9DDDCDD916}","1","12427","308 CAROLINE HILL RD","LEXINGTON","7153","","QUAL UP TO 50 MB RANGE","0","SC000LXTN","LXTNSCP0038","SC050LXTN","NOT USED","","","000022","7153","SC050LXTN","p60","2412.14","2412.14","LXTN1130000308","","","1","LXTNSCP0038","","6BA8","","","SC","450630210461018"
"LXTNSC GPON SEFH 2026_MR","0","6BA8","0","0","0","0","0","0","0","A8000000000000022788527","0","0","","LXTNSCP0038","","","","0","000026","1350","","{5BEC5A2F-892C-406D-B27C-E3383AF126DF}","1","12543","260 CAROLINE HILL RD","LEXINGTON","7153","","QUAL UP TO 50 MB RANGE","0","SC000LXTN","LXTNSCP0038","SC050LXTN","NOT USED","","","000026","7153","SC050LXTN","p60","2865.57","2865.57","LXTN1130000260","","","1","LXTNSCP0038","","6BA8","","","SC","450630210461018"
"LXTNSC GPON SEFH 2026_MR","0","6BA8","0","0","0","0","0","0","0","A8000000000000035618231","0","0","","LXTNSCP0038","","","","0","000015","48","","{C821DC07-039E-4E07-97D7-DBB475621CFC}","1","12581","351 CAROLINE HILL RD","LEXINGTON","7153","","QUAL UP TO 100 MB RANGE","0","SC000LXTN","LXTNSCP0038","SC050LXTN","NOT USED","","","000015","7153","SC050LXTN","p60","1951.22","1951.22","LXTN1130000351","","","1","LXTNSCP0038","","6BA8","","","SC","450630210461020"
"LXTNSC GPON SEFH 2026_MR","0","6BA8","0","0","0","0","0","0","0","A8000000000000035813979","0","0","","LXTNSCU0706","","","","0","000054","152","","{7C62C6CF-1EB7-4490-A5DA-2235EEF60E1F}","1","12589","534 HIGHWAY 378","LEXINGTON","7105","","QUAL UP TO 100 MB RANGE","0","SC000LXTN","LXTNSCU0706","SC050LXTN","NOT USED","","","000054","7105","SC050LXTN","p60","678.37","678.37","LXTN1124000534","","","1","LXTNSCU0706","","6BA8","","","SC","450630210481012"
"LXTNSC GPON SEFH 2026_MR","0","6BA8","0","0","0","0","0","0","0","A8000000000000000350944","0","0","","LXTNSCP0038","","","","0","000009"," ","","{DA74BABB-B12B-45DF-955C-550A666EE788}","1","12608","232 CAROLINE HILL RD","LEXINGTON","7158","","QUAL UP TO 50 MB RANGE","0","SC000LXTN","LXTNSCP0038","SC050LXTN","NOT USED","","","000009","7158","SC050LXTN"," ","2672.69","2672.69"," ","","","1","LXTNSCP0038","","6BA8","","","SC","450630210461018"
"LXTNSC GPON SEFH 2026_MR","0","6BA8","0","0","0","0","0","0","0","A8000000000000016935545","0","0","","LXTNSCP0038","","","","0","000001","1160","","{580E800E-8DF4-41CA-AE1D-ACC3461C03E7}","1","12807","275 CAROLINE HILL RD","LEXINGTON","7156","","QUAL UP TO 100 MB RANGE","0","SC000LXTN","LXTNSCP0038","SC050LXTN","NOT USED","","","000001","7156","SC050LXTN","p60","1229.78","1229.78","LXTN1130000275","","","1","LXTNSCP0038","","6BA8","","","SC","450630210461019"
"LXTNSC GPON SEFH 2026_MR","0","6BA8","0","0","0","0","0","0","0","A8000000000000031169340","0","0","","LXTNSCP0038","","","","0","000012","297","","{CFCA1433-CF8E-47A5-B472-49EA3FCA3D2A}","1","12904","331 CAROLINE HILL RD","LEXINGTON","7153","","QUAL UP TO 100 MB RANGE","0","SC000LXTN","LXTNSCP0038","SC050LXTN","NOT USED","","","000012","7153","SC050LXTN","p60","1584.23","1584.23","LXTN1130000331","","","1","LXTNSCP0038","","6BA8","","","SC","450630210461020"
"LXTNSC GPON SEFH 2026_MR","0","6BA8","0","0","0","0","0","0","0","A8000000000000035721662","0","0","","LXTNSCU0700","","","","0","000013","7502","","{DC91FBEF-FDC7-4782-BCAB-277F97F6F21F}","0.912","13221","140 ELMER RD","LEXINGTON","7151","","NO QUAL","0","SC000LXTN","LXTNSCU0700","SC050LXTN","NOT USED","","","000013","7151","SC050LXTN","p60","12674.78","12674.78","LXTN2506000140","","","0.912","LXTNSCU0700","","6BA8","","","SC","450630210461021"
"LXTNSC GPON SEFH 2026_MR","0","6BA8","0","0","0","0","0","0","0","A8000000000000013151433","0","0","","LXTNSCP0038","","","","0","000001"," ","","{C326CCA2-E2C1-4043-8A01-4EBBEA8836E2}","1","13489","153 FRESH SPRING WAY","LEXINGTON","7158","","QUAL UP TO 100 MB RANGE","0","SC000LXTN","LXTNSCP0038","SC050LXTN","NOT USED","","","000001","7158","SC050LXTN"," ","1550.94","1550.94"," ","","","1","LXTNSCP0038","","6BA8","","","SC","450630210461018"
"LXTNSC GPON SEFH 2026_MR","0","6BA8","0","0","0","0","0","0","0","A8000000000000000842189","0","0","","LXTNSCU0706","","","","0","000017","2630","","{2D8BA6EE-B8F7-4CE9-9DDB-29D0DC3689AB}","1","13555","321 BEAUMONT DR","LEXINGTON","7127","","QUAL UP TO 50 MB RANGE","0","SC000LXTN","LXTNSCU0706","SC050LXTN","NOT USED","","","000017","7127","SC050LXTN","p60","2193.83","2193.83","LXTN2765000321","","","1","LXTNSCU0706","","6BA8","","","SC","450630210461018"
"LXTNSC GPON SEFH 2026_MR","0","6BA8","0","0","0","0","0","0","0","A8000000000000004969353","0","0","","LXTNSCP0038","","","","0","000003","1050","","{942407D5-E580-4047-AFE9-8976D9DBAE70}","1","13649","117 WILD SPRING RD","LEXINGTON","7153","","QUAL UP TO 100 MB RANGE","0","SC000LXTN","LXTNSCP0038","SC050LXTN","NOT USED","","","000003","7153","SC050LXTN","p60","732.2","732.2","LXTN1422000117","","","1","LXTNSCP0038","","6BA8","","","SC","450630210461020"
"LXTNSC GPON SEFH 2026_MR","0","6BA8","0","0","0","0","0","0","0","A8000000000000001859949","0","0","","LXTNSCP0038","","","","0","000006","1469","","{2E47C842-5FE0-4792-BE11-0DDF1AA51516}","1","13690","245 CAROLINE HILL RD","LEXINGTON","7156","","QUAL UP TO 100 MB RANGE","0","SC000LXTN","LXTNSCP0038","SC050LXTN","NOT USED","","","000006","7156","SC050LXTN","p60","1810.58","1810.58","LXTN1130000245","","","1","LXTNSCP0038","","6BA8","","","SC","450630210461019"
"LXTNSC GPON SEFH 2026_MR","0","6BA8","0","0","0","0","0","0","0","A8000000000000001850225","0","0","","LXTNSCU0700","","","","0","000013","1592","","{DC91FBEF-FDC7-4782-BCAB-277F97F6F21F}","0.912","13696","211 CAROLINE SPRINGS RD","LEXINGTON","7151","","NO QUAL","0","SC000LXTN","LXTNSCU0700","SC050LXTN","NOT USED","","","000013","7151","SC050LXTN","p60","12505.3","12505.3","LXTN2507000211","","","0.912","LXTNSCU0700","","6BA8","","","SC","450630210461022"
"LXTNSC GPON SEFH 2026_MR","0","6BA8","0","0","0","0","0","0","0","A8000000000000031348340","0","0","","LXTNSCP0038","","","","0","000007","1008","","{26347AF7-595E-46CD-AB3A-E5FF3314D0D5}","1","13918","308 MISTY SPRING CT","LEXINGTON","7157","","QUAL UP TO 100 MB RANGE","0","SC000LXTN","LXTNSCP0038","SC050LXTN","NOT USED","","","000007","7157","SC050LXTN","p60","1927.57","1927.57","LXTN1542000308","","","1","LXTNSCP0038","","6BA8","","","SC","450630210461019"
"LXTNSC GPON SEFH 2026_MR","0","6BA8","0","0","0","0","0","0","0","A8000000000000021625261","0","0","","LXTNSCU0703","","","","0","000028","4680","","{929C5AD0-C366-4313-9CAE-CF4F521C9B99}","1","13944","656 HIGHWAY 378","LEXINGTON","7106","","QUAL UP TO 25 MB RANGE","0","SC000LXTN","LXTNSCU0703","SC050LXTN","NOT USED","","","000028","7106","SC050LXTN","p60","4593.48","4593.48","LXTN1124000656","","","1","LXTNSCU0703","","6BA8","","","SC","450630210461021"
"LXTNSC GPON SEFH 2026_MR","0","6BA8","0","0","0","0","0","0","0","A8000000000000185916545","0","0","","LXTNSCU0706","","","","0","000037"," ","","{DDC6B140-73C3-4C33-AC1D-53CDABEFD1ED}","1","13960","640 HIGHWAY 378","LEXINGTON","7105","","QUAL UP TO 50 MB RANGE","0","SC000LXTN","LXTNSCU0706","SC050LXTN","NOT USED","","","000037","7105","SC050LXTN"," ","2691.92","2691.92"," ","","","1","LXTNSCU0706","","6BA8","","","SC","450630210461021"
"LXTNSC GPON SEFH 2026_MR","0","6BA8","0","0","0","0","0","0","0","A8000000000000021597773","0","0","","LXTNSCU0706","","","","0","000002","196","","{53582D65-9F11-4700-8EAA-30A5F69080B2}","1","14010","318 WISE FERRY RD","LEXINGTON","7111","","QUAL UP TO 100 MB RANGE","0","SC000LXTN","LXTNSCU0706","SC050LXTN","NOT USED","","","000002","7111","SC050LXTN","p60","214.43","214.43","LXTN0103000318","","","1","LXTNSCU0706","","6BA8","","","SC","450630210481012"
"LXTNSC GPON SEFH 2026_MR","0","6BA8","0","0","0","0","0","0","0","A8000000000000016945779","0","0","","LXTNSCU0706","","","","0","000014","2630","","{4B47E996-2536-4FC1-A415-1833E5C20A7F}","1","14065","329 BEAUMONT DR","LEXINGTON","7128","","QUAL UP TO 50 MB RANGE","0","SC000LXTN","LXTNSCU0706","SC050LXTN","NOT USED","","","000014","7128","SC050LXTN","p60","2703.07","2703.07","LXTN2765000329","","","1","LXTNSCU0706","","6BA8","","","SC","450630210461018"
"LXTNSC GPON SEFH 2026_MR","0","6BA8","0","0","0","0","0","0","0","A8000000000000001639158","0","0","","LXTNSCU0703","","","","0","000028","4680","","{929C5AD0-C366-4313-9CAE-CF4F521C9B99}","1","14098","664 HIGHWAY 378","LEXINGTON","7106","","NO QUAL","0","SC000LXTN","LXTNSCU0703","SC050LXTN","NOT USED","","","000028","7106","SC050LXTN","p60","4485.46","4485.46","LXTN1124000664","","","1","LXTNSCU0703","","6BA8","","","SC","450630210461021"
"LXTNSC GPON SEFH 2026_MR","0","6BA8","0","0","0","0","0","0","0","A8000000000000008036299","0","0","","LXTNSCP0038","","","","0","000004","674","","{735D560D-E05F-4D9D-B509-CE52A0A603A6}","1","14164","208 WILD SPRING CT","LEXINGTON","7154","","QUAL UP TO 100 MB RANGE","0","SC000LXTN","LXTNSCP0038","SC050LXTN","NOT USED","","","000004","7154","SC050LXTN","p60","994.95","994.95","LXTN1513000208","","","1","LXTNSCP0038","","6BA8","","","SC","450630210461019"
"LXTNSC GPON SEFH 2026_MR","0","6BA8","0","0","0","0","0","0","0","A8000000000000024362651","0","0","","LXTNSCU0703","","","","0","000028","4254","","{929C5AD0-C366-4313-9CAE-CF4F521C9B99}","1","14410","662 HIGHWAY 378","LEXINGTON","7106","","NO QUAL","0","SC000LXTN","LXTNSCU0703","SC050LXTN","NOT USED","","","000028","7106","SC050LXTN","p60","4649.61","4649.61","LXTN1124000662","","","1","LXTNSCU0703","","6BA8","","","SC","450630210461021"
"LXTNSC GPON SEFH 2026_MR","0","6BA8","0","0","0","0","0","0","0","A8000000000000017241115","0","0","","LXTNSCU0703","","","","0","000042","5814","","{D9FD0D31-21F6-483B-8052-A4652D108F63}","1","14414","580 HIGHWAY 378","LEXINGTON","7106","","QUAL UP TO 10 MB","0","SC000LXTN","LXTNSCU0703","SC050LXTN","NOT USED","","","000042","7106","SC050LXTN","p60","6146.11","6146.11","LXTN1124000580","","","1","LXTNSCU0703","","6BA8","","","SC","450630210461018"
"LXTNSC GPON SEFH 2026_MR","0","6BA8","0","0","0","0","0","0","0","A8000000000000008970441","0","0","","LXTNSCP0038","","","","0","000013","588","","{9D92E24F-F66B-49F1-9533-8A537A3960F3}","1","14592","339 CAROLINE HILL RD","LEXINGTON","7153","","QUAL UP TO 100 MB RANGE","0","SC000LXTN","LXTNSCP0038","SC050LXTN","NOT USED","","","000013","7153","SC050LXTN","p60","1729.45","1729.45","LXTN1130000339","","","1","LXTNSCP0038","","6BA8","","","SC","450630210461020"
"LXTNSC GPON SEFH 2026_MR","0","6BA8","0","0","0","0","0","0","0","A8000000000000028248561","0","0","","LXTNSCP0038","","","","0","000005","966","","{B55C44CA-AA1B-4464-8A4A-C89908FC2D90}","1","14696","216 WILD SPRING CT","LEXINGTON","7154","","QUAL UP TO 100 MB RANGE","0","SC000LXTN","LXTNSCP0038","SC050LXTN","NOT USED","","","000005","7154","SC050LXTN","p60","1098.21","1098.21","LXTN1513000216","","","1","LXTNSCP0038","","6BA8","","","SC","450630210461019"
"LXTNSC GPON SEFH 2026_MR","0","6BA8","0","0","0","0","0","0","0","A8000000000000028094270","0","0","","LXTNSCP0038","","","","0","000018"," ","","{A343F0FE-E44A-4083-B7A9-A3173C98A556}","1","14746","348 CAROLINE HILL RD","LEXINGTON","7153","","QUAL UP TO 100 MB RANGE","0","SC000LXTN","LXTNSCP0038","SC050LXTN","NOT USED","","","000018","7153","SC050LXTN"," ","1912.01","1912.01"," ","","","1","LXTNSCP0038","","6BA8","","","SC","450630210461018"
"LXTNSC GPON SEFH 2026_MR","0","6BA8","0","0","0","0","0","0","0","A8000000000000028667212","0","0","","LXTNSCP0038","","","","0","000021","874","","{1AA7CBBB-EFCD-46C3-9FB3-5D76E6A749AC}","1","14771","324 CAROLINE HILL RD","LEXINGTON","7153","","QUAL UP TO 50 MB RANGE","0","SC000LXTN","LXTNSCP0038","SC050LXTN","NOT USED","","","000021","7153","SC050LXTN","p60","2264.38","2264.38","LXTN1130000324","","","1","LXTNSCP0038","","6BA8","","","SC","450630210461018"
"LXTNSC GPON SEFH 2026_MR","0","6BA8","0","0","0","0","0","0","0","A8000000000000025555709","0","0","","LXTNSCP0038","","","","0","000012","813","","{81A466C0-FDC3-47C5-B246-54A34A56BFF2}","1","14780","219 WILD SPRING CT","LEXINGTON","7154","","QUAL UP TO 100 MB RANGE","0","SC000LXTN","LXTNSCP0038","SC050LXTN","NOT USED","","","000012","7154","SC050LXTN","p60","1614.01","1614.01","LXTN1513000219","","","1","LXTNSCP0038","","6BA8","","","SC","450630210461019"
"LXTNSC GPON SEFH 2026_MR","0","6BA8","0","0","0","0","0","0","0","A8000000000000011635485","0","0","","LXTNSCP0038","","","","0","000025","2669","","{AE16A4AC-CF1D-44CD-8F81-737C5FFD9CFF}","1","14796","272 CAROLINE HILL RD","LEXINGTON","7153","","QUAL UP TO 50 MB RANGE","0","SC000LXTN","LXTNSCP0038","SC050LXTN","NOT USED","","","000025","7153","SC050LXTN","p60","2762.91","2762.91","LXTN1130000272","","","1","LXTNSCP0038","","6BA8","","","SC","450630210461018"
"LXTNSC GPON SEFH 2026_MR","0","6BA8","0","0","0","0","0","0","0","A8000000000000009421723","0","0","","LXTNSCU0700","","","","0","000012","6568","","{93D14C57-4140-444F-8B7A-B6159773960F}","0.999","14961","343 CAROLINE SPRINGS RD","LEXINGTON","7151","","NO QUAL","0","SC000LXTN","LXTNSCU0700","SC050LXTN","NOT USED","","","000012","7151","SC050LXTN","p60","13239.42","13239.42","LXTN2507000343","","","0.999","LXTNSCU0700","","6BA8","","","SC","450630210461022"
"LXTNSC GPON SEFH 2026_MR","0","6BA8","0","0","0","0","0","0","0","A8000000000000003398503","0","0","","LXTNSCP0038","","","","0","000003","1008","","{39B7D03C-B93E-4E65-B8D3-D1A2A4A3A108}","1","15253","313 MISTY SPRING CT","LEXINGTON","7157","","QUAL UP TO 100 MB RANGE","0","SC000LXTN","LXTNSCP0038","SC050LXTN","NOT USED","","","000003","7157","SC050LXTN","p60","1575.6","1575.6","LXTN1542000313","","","1","LXTNSCP0038","","6BA8","","","SC","450630210461019"
"LXTNSC GPON SEFH 2026_MR","0","6BA8","0","0","0","0","0","0","0","A8000000000000002023857","0","0","","LXTNSCP0038","","","","0","000009","1031","","{B5093949-E8FF-4B01-BB34-D8194180369D}","1","15730","309 CAROLINE HILL RD","LEXINGTON","7153","","QUAL UP TO 100 MB RANGE","0","SC000LXTN","LXTNSCP0038","SC050LXTN","NOT USED","","","000009","7153","SC050LXTN","p60","1332.11","1332.11","LXTN1130000309","","","1","LXTNSCP0038","","6BA8","","","SC","450630210461020"
